1310978479794589701,713064249032097794,"ุฌูุงุนุฉ ุนุงูุฒ ุงุฌูุจ ุจูุชุฒุงูุฉ ูู ุจูุชุฒุง ูุชุ ุชููู ูุงุฑฺ ูุฏู ู ูุจุธูุธุฉ ู ูุฒูุชุฉ ู ููููุฉ ุจุณุชูู ุฒุจุงูุฉ ุนูู ุฑูุญูุงุ ู ุฌูุจูุง ุฌุฑุฏู ูู ุจุชูุน ููุชุงูู ุฏูู...
ู ุฃุฏูู ูููููุชู ูููุง ุชุญุช ุงูุดุญูู ู ุงูููููุณุชุฑูู",2020-09-29T16:23:21.000Z,ar
1310977284355035137,1240850024424247297,"RT @ToYouKSA: ุทูุจ ุงูุบุฏุง ูุง ูุญุชุงุฌ ุชุญุชุงุฑ ูุชูุซูุฑ ุงูุฃุณุฆูุฉ๐ค
ุงุทูุจู ูู ุจูุชุฒุง ูุช ููุฌูู ุจู 5 ุฑูุงู ูุนุฑูุถ ูุฐููุฉ๐คฉ https://t.co/cTRd9gTRSA",2020-09-29T16:18:36.000Z,ar
1310972461459083274,3171929580,ุจูุชุฒุง ููุช ุตุงูุฑูู ุฃุฎุณ ุนู ุนูุงูุชู ๐ฆฆ,2020-09-29T15:59:26.000Z,ar
1310941746092744706,1288219094018293761,"RT @PizzaHut_Saudi: ุนุฑุถ ุงูููู ุงููุทูู ูุณุชูุฑ!
2 ุจูุชุฒุง ูุจูุฑุฉ
1 ุจุทุงุทุง ูุฏุฌุฒ
8 ูุทุน ุฏุฌุงุฌ
ุจ 90 ุฑูุงู ๐๐
#ุงูููู_ุงููุทูู_ุงูุณุนูุฏู90 #ุจูุชุฒุง_ูุช #ุงูุณุนูุฏูุฉโฆ",2020-09-29T13:57:23.000Z,ar
1310939512386842628,3270459613,@n0on1997 ุจูุชุฒุง ูุช ๐๐๐๐๐,2020-09-29T13:48:30.000Z,ar
1310936462565744640,1065076868,"ุนุฑุถ ุงูููู ุงููุทูู ูุณุชูุฑ!
2 ุจูุชุฒุง ูุจูุฑุฉ
1 ุจุทุงุทุง ูุฏุฌุฒ
8 ูุทุน ุฏุฌุงุฌ
ุจ 90 ุฑูุงู ๐๐
#ุงูููู_ุงููุทูู_ุงูุณุนูุฏู90 #ุจูุชุฒุง_ูุช #ุงูุณุนูุฏูุฉ https://t.co/jcjQ0wObzK",2020-09-29T13:36:23.000Z,ar
1310910237394731013,1044318731986522114,ูููู ุจูุชุฒุง ูุช ุนูุฏูู ุจุณ ูุงููุช ูุงููุง ููุญููู ูุดูุฑุงู.,2020-09-29T11:52:10.000Z,ar
1310905908281647109,1201359939605803011,ุงุฎุฎ ูุดุชููู ููููุฒ ูู ุจูุชุฒุง ูุช ุงุฏูุงุงุงุงู ูู ุฌุงุก ุงูููุฑููุง ุญุฐููู ูู ุงููุงุฆูุฉ ๐ข,2020-09-29T11:34:58.000Z,ar
1310902611906899968,1306263850514288640,ุงูุงุฎุจุงุฑ ุงูุญุตุฑูุฉ: ุจูุชุฒุง ูุช ุชุนูู ุงููุณูุง https://t.co/fLaoNS4npj,2020-09-29T11:21:52.000Z,ar
1310896834806714368,808744166016552960,@18Shayooo5 ุจูุชุฒุง ูุช,2020-09-29T10:58:55.000Z,ar
1310894502773694464,1089292937253535745,ุงููู ูุญุจ ุงูุจูุชุฒุง ููุง ูุงูู ูู ุจูุชุฒุง ูุช ุตุฏููู ุนุฒูุฒู ุชุฑุงู ูููุช ูุชุนุฉ ุงูุฏููุงโ๐ป https://t.co/z3k0ppbIaG,2020-09-29T10:49:39.000Z,ar
1310882949928292352,875740068891291652,"@ekanzzy ูุนุจุชู ุฏู
ุฏุง ูู ุงูุฎุฑุทูู 2 ูุตุงุฏ ุจูุชุฒุง ูุช https://t.co/dPvdVzSJX8",2020-09-29T10:03:44.000Z,ar
1310876381736251392,1310205232996126723,"ูุญุชุงุฌ ููุงุถูุ ุจูุถุ ุฎุจุฒุ ุญููุจ ๐ถ๐ฅ๐ฅซ
ุฌุจุช ูู ููุฏ ุฎุตู ูุฌุงููโE33 
 ุญูู ุงูุชุทุจูู ูู ุงููุชุฌุฑ
๐
https://t.co/tLUKvyaPEp
ูุง ุชูุณู ููุฏ ุงูุฎุตู ๐ฅ(MRN ) 
 ููุตู ุฌููุน ุฃูุญุงุก ุงูููููุฉ ๐ธ๐ฆ

ุงูุฑูุงุถ ุฌุฏู ุงููุฏููุฉ ููู ุงูุดุฑููุฉ ุงูุทุงุฆู ุฌุงูุฒ ูุตู ุจูุชุฒุง ูุช ูุฌุงูู ูุฑุณูู ูููุฑุณุชูุดู ุงูุจูู ูุฑูู ููุชุงูู ููุจูู ุฎุตู https://t.co/Gt6q0VobEq",2020-09-29T09:37:38.000Z,ar
1310870279757991936,1243578336007409664,@Ameera5aled ุจุฑุถู ูุง ุชูุณูู ุจูุชุฒุง ูุช ููุง ูุงู ููุชูุญ ูู ุฎูู ููุญุฏ ูุฌู ูู ุทูู ๐๐๐๐,2020-09-29T09:13:24.000Z,ar
1310863549791703040,722713525,@3marTweetin ุจูุชุฒุง ูุช ุงุญุณู ูุงุญุฏ๐,2020-09-29T08:46:39.000Z,ar
1310863142432444417,1251897765669605376,ูููุฑุณุชูุดู #ููุฏ_ุฎุตู #ูุทุนู #ูุงู #ูุฑูู #ุจูุชุฒุง_ูุช ุงูู ุทูุจ ูู ูุฎุตู ูู ูขู ุงูู ูฅู ุฑูุงู DT2B4Y DT2B4Y DT2B4Y,2020-09-29T08:45:02.000Z,ar
1310820405234540544,1025635542313185280,@AMulawah ูุงู ุจูุชุฒุง ูุช โฅ๏ธ,2020-09-29T05:55:13.000Z,ar
1310772883547983872,723595038358261760,@uuoocc2 ูุด ุงุนูุงู ุจูุชุฒุง ูุช ุงูุต ูุฏู ุงุฐุง ูุจ ูู ูุณูููู,2020-09-29T02:46:23.000Z,ar
1310763391854825476,1578089545,"@PazzantR ุจูุชุฒุง ูุช ุงููุฑ ุฑุงุชูุฏ ุดูุชูู 
ุฒุงูุณ ุฎุฑุง ูุฏู ูุฏู 
ุงููุง ูุงู ุจุตุฑุงุญุฉ ุดุบุงู ูุนูู ูู ูุด ุงุญุณู ุญุงุฌุฉ ุจุณ ููุงู ููู ุงุญุชุฑุงูู ู ูุงุณ ูุชูุฑ ุจุชุณุชุฑูุญ ููู ููุณูุง ุจุบุถ ุงููุธุฑ ุนู ุงูุงูู",2020-09-29T02:08:40.000Z,ar
1310746127969517568,1240652717925830656,"ุฎููู ูู ููุงุณูู ุงููููู ุจุณุงุนุฉ ุงูุถููุงุช ูุตูุจู ูู ูู ููู ูุนูู ุงููู ููุชุงุจู 

#ุจูุชุฒุง_ูุช",2020-09-29T01:00:04.000Z,ar
1310745799329021952,1136507055261528064,RT @iFantoo: ุงูุช ุฏุงููุง ุฌูููุ ูู ุฒู ูุง ุชุญุจ ู ุงุชุฑูู ูุฎูู ูุฑุดู ููุณูู ุดูู ุฑุฌููู ููู ุญุฏ ูุตุญู ูุจูู ุนูุตุฑู ู ุงููููุณูุ ุงูุดุงุจ ุงููุญุด ุงููู ุจูุชูุฑู ูุนุงููโฆ,2020-09-29T00:58:45.000Z,ar
1310741238933590028,829393382,ุฅู ูุนู ูุนุช ููุงูููุช ุงูุง ุจูุชุฒุง ูุช ุฃุณุฑุน ุดู https://t.co/GEjUhZdh38,2020-09-29T00:40:38.000Z,ar
1310719742949367809,1251897765669605376,#ูููุฑุณุชูุดู #ููุฏ_ุฎุตู #ูุทุนู #ูุงู #ูุฑูู #ุจูุชุฒุง_ูุช ุงูู ุทูุจ ูู ูุฎุตู ูู ูขู ุงูู ูฅู ุฑูุงู ๐ #ููุฏ ( DT2B4Y ) DT2B4Y DT2B4Y,2020-09-28T23:15:13.000Z,ar
1310716501201125376,1021856648430870529,@__reem_h__ ูุงููู ูุณูู ุจูุชุฒุง ูุช ูุดูุงุฑุจ ุงูุฑุฌููู,2020-09-28T23:02:20.000Z,ar
1310715389891014656,868562006,"@__reem_h__ ูุงููู ุฃูุถู ูู ุจูุชุฒุง ูุช ๐ฌ
ุจุงูุนุงููุฉ โค๏ธ",2020-09-28T22:57:55.000Z,ar
1310709331466358789,1230123736440954888,@fajers94 ุฃููู ุทูุจู ูู ุจูุชุฒุง ูุช,2020-09-28T22:33:51.000Z,ar
1310707628104978432,1258039425898106880,"@yousef_ghal ุจุตู ุงูููููุฉ ุชูููู ุนุงูููุจ ูุฏุง .. ูุฌุฑุจุชูุงุด ุงูุง ูู ุจูุชุฒุง ูุช ุจุณ ูุดูููู ุงูุฑุจ ุทุฑููุฉ ููุง .. 

ุงูุง ุจุดูููุง ูู ุฒูุช ุงูุฒูุชูู ูุฏุง ุนุงูุจุชูุฌุงุฒ ูู ููู ุจุชุดูุญููุง .. ููููู ุชุญุทู ุนูููุง ุฒุนุชุฑ ุจุฑู ุงูุฑูุฌุงูู .. ุงู ุญุจู ุฎู ุจูุณููู .. ุฏุง ูุซุงู

https://t.co/47MKPclpvn",2020-09-28T22:27:04.000Z,ar
1310706096672256001,1285697490759622657,@yuoome_ ุงุญุณู ูู ุจูุชุฒุง ูุช,2020-09-28T22:20:59.000Z,ar
1310703994965307392,1175848259404881920,ูุด ุณุงููุชูู ููุชู ุณูุฒุฑ ูุณูู ููุณ ุงูุนุฑุถ ุจูู ุจูุชุฒุง ูุช https://t.co/SRipkHckB9,2020-09-28T22:12:38.000Z,ar
1310691521646202880,904404504992514048,"ููุด ูุชุถุงููู ูุงููุซุฑ !

-ูุจู ุดูู  ุฃุฑุชูุน ุถุบุทู 

ูุงูุญููููููู ุ

-ูุง ูุงุนุฏู ุฃูู ุจูุชุฒุง ูุช ูุทูุงู๐คฃ๐ญโฅ๏ธ",2020-09-28T21:23:04.000Z,ar
1310685805552324609,1310273981577138180,@itsmeSB__ ุจูุชุฒุง ูุช ุงูุฌุจู ุจุณ ูุจุฑุฏ ูุตูุฑ ูุณุงุญู,2020-09-28T21:00:22.000Z,ar
1310685046643318784,1278381584169807875,@batlouh ุฌุฑุจู ุจูุชุฒุง ูุช๐,2020-09-28T20:57:21.000Z,ar
1310675200019763202,1193949563142463488,@pb7787 ุจูุชุฒุง ูุช ุณุชุงูุช ูุฑุงุณุช ๐๐ https://t.co/yk8GvK8Not,2020-09-28T20:18:13.000Z,ar
1310668356647825408,1251897765669605376,ูููุฑุณุชูุดู #ููุฏ_ุฎุตู #ูุทุนู #ูุงู #ูุฑูู #ุจูุชุฒุง_ูุช ุงูู ุทูุจ ูู ูุฎุตู ูู ูขู ุงูู ูฅู ุฑูุงู DT2B4Y DT2B4Y DT2B4Y,2020-09-28T19:51:01.000Z,ar
1310668018863742979,166633570,@AmedFaty1 ุฏู ุจูุชุฒุง ูุช ููู ุฏู ุจูุชุฒุง ุดููู ๐ ุชูุฑู ๐,2020-09-28T19:49:41.000Z,ar
1310667868032380936,1133543374487789568,@xvv_a2 ุจูุชุฒุง ูุช ูุง ุทุนุณ,2020-09-28T19:49:05.000Z,ar
1310667555393003520,1264938425855197185,ูู ูุนูููู ูู ุญูุงุชูุง ุฃูู ุฃูู ุฃูู ุฎูููุง ูุชููู ุดููู ุนู ุงูุญุจ ุ ูู ูุญุจ ุจูุชุฒุง ูุช ุ,2020-09-28T19:47:50.000Z,ar
1310658485818978307,1249149289613479939,ูู ูุนูููู ูู ุญูุงุชูุง ุฃูู ุฃูู ุฃูู ุฎูููุง ูุชููู ุดููู ุนู ุงูุญุจ ุ ููู ูุญุจ ุจูุชุฒุง ูุช ุ,2020-09-28T19:11:48.000Z,ar
1310635424600203271,701072007568498688,RT @alisnowpy: @Samir1333Alhay ููุฏููุงูุฏุ ุจูุชุฒุง ูุชุ ุณุจูุงู ูููู ูุง ูููููู ุฑุงูุง ๐ค๐ค๐ค,2020-09-28T17:40:10.000Z,ar
1310635256849068033,64436685,@Samir1333Alhay ููุฏููุงูุฏุ ุจูุชุฒุง ูุชุ ุณุจูุงู ูููู ูุง ูููููู ุฑุงูุง ๐ค๐ค๐ค,2020-09-28T17:39:30.000Z,ar
1310631147538350081,134502373,@DewaniyaMFM ูุง ูุฎูู ุงูุฌุจู ููุตู ุจุงูุนูุจู ูู ููู! ูู ุงูุญูู ุจูุชุฒุง ูุช ูุญุทู,2020-09-28T17:23:10.000Z,ar
1310628987685797889,131951749,@Almajlliss @GENTELQ8 ููุณููู ุจูุชุฒุง ูุช ูุงููุง ุฏุงุนู ุชููู ุฎูููู ุงูููุงู,2020-09-28T17:14:35.000Z,ar
1310625409717993472,166633570,"ุนูุดุงู ุฌุจู ููุชุฒุฑููุง ูุชูุดูุด ุจูุณูู ุงูุจูุชุฒุง ุจุฏูู ุฌุจู ููุงุฆู ู ุงูู ูุง ุชุทูุน ูุฑุด ุฌุจู ููุชุฒุฑููุง ุงู ุงู ููุน ุฌุจู ููุบุทู ุจูุฑู ูููู ุงูุญุฑุงุฑู ูุชุณูุญูุง ูููุง ุณุฎูุช ุงูุงูู ุจุงููููุฑูููู ูุชูุถู ุฌุจูู ุทุฑูู ู ุชูุท
ุตูุต ุจูุชุฒุง ูุช๐๐
ุซูู ููุฑู ูุชุดูุญ ุจุฒุจุฏู ูุงูู ูุง ุชุดู ุฑูุญุชู ูุนุฌูู ุทูุงุทู ูุฒุนุชุฑ ูููุญ ููููู ููุงุฌู ู ูุงูู",2020-09-28T17:00:22.000Z,ar
1310622576797003778,788505976613769216,ุงุดุชูุช ุญู ุจูุชุฒุง ูุช ๐,2020-09-28T16:49:07.000Z,ar
1310619723638476803,4896255401,RT @iFantoo: ุงูุช ุฏุงููุง ุฌูููุ ูู ุฒู ูุง ุชุญุจ ู ุงุชุฑูู ูุฎูู ูุฑุดู ููุณูู ุดูู ุฑุฌููู ููู ุญุฏ ูุตุญู ูุจูู ุนูุตุฑู ู ุงููููุณูุ ุงูุดุงุจ ุงููุญุด ุงููู ุจูุชูุฑู ูุนุงููโฆ,2020-09-28T16:37:46.000Z,ar
1310619196418658310,246746749,RT @iFantoo: ุงูุช ุฏุงููุง ุฌูููุ ูู ุฒู ูุง ุชุญุจ ู ุงุชุฑูู ูุฎูู ูุฑุดู ููุณูู ุดูู ุฑุฌููู ููู ุญุฏ ูุตุญู ูุจูู ุนูุตุฑู ู ุงููููุณูุ ุงูุดุงุจ ุงููุญุด ุงููู ุจูุชูุฑู ูุนุงููโฆ,2020-09-28T16:35:41.000Z,ar
1310618303849795584,336115665,RT @iFantoo: ุงูุช ุฏุงููุง ุฌูููุ ูู ุฒู ูุง ุชุญุจ ู ุงุชุฑูู ูุฎูู ูุฑุดู ููุณูู ุดูู ุฑุฌููู ููู ุญุฏ ูุตุญู ูุจูู ุนูุตุฑู ู ุงููููุณูุ ุงูุดุงุจ ุงููุญุด ุงููู ุจูุชูุฑู ูุนุงููโฆ,2020-09-28T16:32:08.000Z,ar
1310617560975540224,918418799455625217,RT @iFantoo: ุงูุช ุฏุงููุง ุฌูููุ ูู ุฒู ูุง ุชุญุจ ู ุงุชุฑูู ูุฎูู ูุฑุดู ููุณูู ุดูู ุฑุฌููู ููู ุญุฏ ูุตุญู ูุจูู ุนูุตุฑู ู ุงููููุณูุ ุงูุดุงุจ ุงููุญุด ุงููู ุจูุชูุฑู ูุนุงููโฆ,2020-09-28T16:29:11.000Z,ar
1310614975082385408,495762412,RT @iFantoo: ุงูุช ุฏุงููุง ุฌูููุ ูู ุฒู ูุง ุชุญุจ ู ุงุชุฑูู ูุฎูู ูุฑุดู ููุณูู ุดูู ุฑุฌููู ููู ุญุฏ ูุตุญู ูุจูู ุนูุตุฑู ู ุงููููุณูุ ุงูุดุงุจ ุงููุญุด ุงููู ุจูุชูุฑู ูุนุงููโฆ,2020-09-28T16:18:54.000Z,ar
1310613674952884232,1228012934284161026,RT @iFantoo: ุงูุช ุฏุงููุง ุฌูููุ ูู ุฒู ูุง ุชุญุจ ู ุงุชุฑูู ูุฎูู ูุฑุดู ููุณูู ุดูู ุฑุฌููู ููู ุญุฏ ูุตุญู ูุจูู ุนูุตุฑู ู ุงููููุณูุ ุงูุดุงุจ ุงููุญุด ุงููู ุจูุชูุฑู ูุนุงููโฆ,2020-09-28T16:13:44.000Z,ar
1310612120342532098,794676458950160384,RT @iFantoo: ุงูุช ุฏุงููุง ุฌูููุ ูู ุฒู ูุง ุชุญุจ ู ุงุชุฑูู ูุฎูู ูุฑุดู ููุณูู ุดูู ุฑุฌููู ููู ุญุฏ ูุตุญู ูุจูู ุนูุตุฑู ู ุงููููุณูุ ุงูุดุงุจ ุงููุญุด ุงููู ุจูุชูุฑู ูุนุงููโฆ,2020-09-28T16:07:34.000Z,ar
1310611946014679040,412883118,ุงูุช ุฏุงููุง ุฌูููุ ูู ุฒู ูุง ุชุญุจ ู ุงุชุฑูู ูุฎูู ูุฑุดู ููุณูู ุดูู ุฑุฌููู ููู ุญุฏ ูุตุญู ูุจูู ุนูุตุฑู ู ุงููููุณูุ ุงูุดุงุจ ุงููุญุด ุงููู ุจูุชูุฑู ูุนุงูู ูุธุงู ุบุฐุงุฆู ุญูููุนู ุนุดุงู ูุงุชุชุถุงููุด ุจุณ ุดููุช ุนุฑูุถ ูุช ููููุณุ ุจูุชุฒุง ูุชุ ุนุงุฑู ุงู ุนูุฏูุง ุงูุณูููู ุจุณุนุฑ ุงูุฌููุฉุ ุทุจ ุฎุฏ ุงููุจูุฑุฉ ุจูู ุงูุชูุงุจูุช ุงูุงูุณ ูุงุฑุฌ ุจูุต ุงูุณุนุฑ https://t.co/zMQtotv8hN,2020-09-28T16:06:52.000Z,ar
1310610308218736646,967035992275341314,RT @sba7eksukar: ููุงุง ูุนูู ุจูุชุฒุง ุจุณ ูุด ุจูุชุฒุง ูุช ุจูุชุฒุง ุงูุงุงุง ๐๐๐ุจุณ ุชุฎูุต ุจูุฑุฌููู ุนูุงูู ุงูุฏููุง ๐๐โค๏ธโค๏ธูุชุณ ุบููู ๐โโ๏ธ๐โโ๏ธ https://t.co/xAfBlve3qx,2020-09-28T16:00:22.000Z,ar
1310594517901496320,255597055,@ashraf1974108 @3arabawy ูู ุฏูู ูููู ููุฌู ููุง ุตุฏูุฉ ูู ุนุฑูุช ุงู ุทูุทุง ูููุง ููุชุงูู ู ุจูุชุฒุง ูุช ู ุงูููุตูุฑุฉ ูููุง ุจุงุจุง ุฌููุฒ,2020-09-28T14:57:37.000Z,ar
1310594350938763264,615502592,ููุงุง ูุนูู ุจูุชุฒุง ุจุณ ูุด ุจูุชุฒุง ูุช ุจูุชุฒุง ุงูุงุงุง ๐๐๐ุจุณ ุชุฎูุต ุจูุฑุฌููู ุนูุงูู ุงูุฏููุง ๐๐โค๏ธโค๏ธูุชุณ ุบููู ๐โโ๏ธ๐โโ๏ธ https://t.co/xAfBlve3qx,2020-09-28T14:56:57.000Z,ar
1310575001888792576,1216612392928514055,ุณูุฒุงู ุงูู ุดู ูุงููุง ุจู ูุด ุฑุงููููููููู ูู ุจูุชุฒุง ูุช ุงุฒูู ูู ูู ุงูุงุณุฆูููููููููู ุชุฑูู ุงูู ูุทุนู ุงูุฑููู ูุชุญุชู ุนูู ูุง ุซุงูู ููุช ูุงุชุญ ูุทุนู ููุงูู ุจุจุบุฏุงุฏ ุชุจูู ุงูุฒุจุฏู ุซุงูุซ ูุทุนู ุงูุงูู ูุงู ุจุญุงุฑู ุงูุฌุณู ููุช ุงุฒูู ููุงุฑุน ูุงุฑูุฏ ุฌูุจ ูุฏุฑู ูุงูุตุจุญ ุงูุจููููููู ุดุณูู ุฒุจุงุฆู ุฒู ุงูุฎุฑุงุกูุงููู ๐๐๐๐๐๐ค๐ค๐ค๐ค๐ค,2020-09-28T13:40:04.000Z,ar
1310571707103694848,1229427606929448961,"ุฌุฑุจุช ุจูุชุฒุง ูุช ูุฏูููููุฒ ููุงูุณุชุฑู 
ุงูุฏุฑ ุงููู ุงูุถู ุจูุชุฒุง ูู ูุงูุณุชุฑู ููุฑู ูุฐููููุฐู",2020-09-28T13:26:58.000Z,ar
1310548420659220481,1122090927965839361,@qxvli_ ุจูุชุฒุง ูุช,2020-09-28T11:54:26.000Z,ar
1310536169764147200,1310221074437738496,"ูุญุชุงุฌ ููุงุถูุ ุจูุถุ ุฎุจุฒุ ุญููุจ ๐ถ๐ฅ๐ฅซ
ุฌุจุช ูู ููุฏ ุฎุตู ูุฌุงููโE33 
 ุญูู ุงูุชุทุจูู ูู ุงููุชุฌุฑ
๐
https://t.co/wJ80Z1Vsfa
ูุง ุชูุณู ููุฏ ุงูุฎุตู ๐ฅ(bob ) 
 ููุตู ุฌููุน ุฃูุญุงุก ุงูููููุฉ ๐ธ๐ฆ

ุงูุฑูุงุถ ุฌุฏู ุงููุฏููุฉ ููู ุงูุดุฑููุฉ ุงูุทุงุฆู ุฌุงูุฒ ูุตู ุจูุชุฒุง ูุช ูุฌุงูู ูุฑุณูู ูููุฑุณุชูุดู ุงูุจูู ูุฑูู ููุชุงูู ููุจูู ุฎุตู https://t.co/LdJuFannDL",2020-09-28T11:05:46.000Z,ar
1310505297815928842,2372695799,@Muj7jan @shahad_n90 ุงูุง ุจูุชุฒุง ูุช ุงุนููุช ุงููุงุณูุง ๐,2020-09-28T09:03:05.000Z,ar
1310503034842218503,1184044402462863360,@shahad_n90 ุงุนููุช ุงููุงุณู ููุณ ุจูุชุฒุง ูุช ุจุณ ุงูุง ูู ุฒูุงู,2020-09-28T08:54:06.000Z,ar
1310485719979372550,1251897765669605376,ูููุฑุณุชูุดู #ููุฏ_ุฎุตู #ูุทุนู #ูุงู #ูุฑูู #ุจูุชุฒุง_ูุช ุงูู ุทูุจ ูู ูุฎุตู ูู ูขู ุงูู ูฅู ุฑูุงู DT2B4Y DT2B4Y DT2B4Y,2020-09-28T07:45:17.000Z,ar
1310483842789265409,1291448019720843265,"@jak_droop ูุฑุด ุชูุณุช ููููู

-ุนุงูุฒุฉ ููุชุงูู ููุง ุจูุชุฒุง ูุช
-ุนุงูุฒุฉ ุชุชูุงูู ููุง ุจุฒู ูุชุนุถ",2020-09-28T07:37:50.000Z,ar
1310472525407760388,1131984085986041856,@PrivateEye0 ููู ุงูููุงูุณุฉ ูุน ุจูุชุฒุง ูุช,2020-09-28T06:52:52.000Z,ar
1310462411288326144,1076373128778002433,@nourhansalahh9 ุฎูุตุงูู ููุฑูุญ ุจูุชุฒุง ูุช,2020-09-28T06:12:40.000Z,ar
1310456597475463169,1000839419002269696,@SoSalty37 ุจูุชุฒุง ูุช,2020-09-28T05:49:34.000Z,ar
1310434988035375105,880603870845689857,ูุดุชูู ุจูุชุฒุง ูุช ๐ญ๐ญ๐ญ๐ญ ูุงููู ุตุจุงุญ ุฎูุฑ,2020-09-28T04:23:42.000Z,ar
1310408009844240390,1472697475,@shf3f3 ุฒูุฏู ุจูุชุฒุง ูุช ู ูุงู,2020-09-28T02:36:30.000Z,ar
1310359350033158145,796025988996091904,@AMesedy ุจูุชุฒุง ูุช ูุด ุงุญุณู. ูู ูู ุญุงุฌุฉ ุจุนุฏ  ุงุฒูู,2020-09-27T23:23:09.000Z,ar
1310358353944739841,4105046114,@Alyousefs__ ุนูุฏู ุฑูู ุจูุชุฒุง ูุช ูููุน !! https://t.co/fAdvWg3T6u,2020-09-27T23:19:11.000Z,ar
1310357400046665733,1251897765669605376,#ูููุฑุณุชูุดู #ููุฏ_ุฎุตู #ูุทุนู #ูุงู #ูุฑูู #ุจูุชุฒุง_ูุช ุงูู ุทูุจ ูู ูุฎุตู ูู ูขู ุงูู ูฅู ุฑูุงู ๐ #ููุฏ ( DT2B4Y ) DT2B4Y DT2B4Y,2020-09-27T23:15:24.000Z,ar
1310350866193494017,1155606679259627520,"ููุชู ุฌูููุน ูุทุงูุจู ูู ุจูุชุฒุงูุช ูู ุณุงุนู ููุต ููููู ูููููู๐๐ญ ูุงุฏู ุนูููู ููููููู ูู ุฌุงู ุจุงูุทุฑูู ูููู ูุงุดูุชู ูููุด ูู ูุงูุชุงุฎูุฑ ูุงููุทุนู ูุฑูุจ ููู
#ุจูุชุฒุง_ูุช",2020-09-27T22:49:26.000Z,ar
1310347567964844032,1285994993371492352,"RT @ToYouKSA: ุทูุจ ุงูุบุฏุง ูุง ูุญุชุงุฌ ุชุญุชุงุฑ ูุชูุซูุฑ ุงูุฃุณุฆูุฉ๐ค
ุงุทูุจู ูู ุจูุชุฒุง ูุช ููุฌูู ุจู 5 ุฑูุงู ูุนุฑูุถ ูุฐููุฉ๐คฉ https://t.co/cTRd9gTRSA",2020-09-27T22:36:19.000Z,ar
1310336871688482816,272643742,ูู ุงูู ูุงุนุฏูู ูุงูููู ูุงุฑุฏูุฒ ู ููุชุงูู ู ุจูุชุฒุง ูุช ุงูุญูู ูุญุชุฑููู ๐ธ,2020-09-27T21:53:49.000Z,ar
1310329696522039296,2417557361,@Ask_Makkah_ ููุชู ุณูุฒุฑ ุฏูููููุฒุจูุชุฒุง ุจูุชุฒุง ูุช ุฐู ุฎูุฑุงููู ูุงููู ุงูุตุญู ูููุง,2020-09-27T21:25:19.000Z,ar
1310329117699641346,1301272602833494017,@obitoass ูููููู ูุงุทููููููู ุนูู ุฑุงุณูู ุจูุชุฒุง ูุช,2020-09-27T21:23:01.000Z,ar
1310328578488373249,1406233146,"@llRoody ุฎุฐ ุดุงูุฑูุง ุจุงูููุนูุฉ xD ูุงููู ูุงูุช ุงุทุนู ูููุงุฑ ูุฑุฉ
ุงูุจุทุงุทุณ ุณูู ูููุณู ุจุงูmashed
ุบูุฑู ูููุช ุจุงูุจูุชุฒุง ููุงููู ุงู ุจุฏูู ูููุณ ููุง ๐ ุจูุชุฒุง ูุช ูุฑุน ุญุฑุงุก ๐
ููุนูู ุจุงูุญุฌุฑ ููุตุช ุญู ูง ูููู ุจุณ ุนุดุงู ุจุงูู ุงูู ุจูุช ู ูุฑุฉ ุตุญู ุญุชู ุจุฏูู ุงู ูุฌููุฏ ูุฐูุฑ ููุนุง ูุง",2020-09-27T21:20:52.000Z,ar
1310318153872932865,399945712,ุณูุงูุงุช ูุง ุจูุชุฒุง ูุช. ุนูุจุฉ ูุงุก ุจ 3 ุฑูุงู @MCgovSA @PizzaHut_Saudi https://t.co/hCLDtFA1du,2020-09-27T20:39:27.000Z,ar
1310315291788808192,382147916,ุงุจู ุงูู ูู ุจูุชุฒุง ูุช ๐ ุจุณ ููุงุณู ูู ุญุงุตูู,2020-09-27T20:28:04.000Z,ar
1310308115238223874,1096892713247653888,"RT @ToYouKSA: ุทูุจ ุงูุบุฏุง ูุง ูุญุชุงุฌ ุชุญุชุงุฑ ูุชูุซูุฑ ุงูุฃุณุฆูุฉ๐ค
ุงุทูุจู ูู ุจูุชุฒุง ูุช ููุฌูู ุจู 5 ุฑูุงู ูุนุฑูุถ ูุฐููุฉ๐คฉ https://t.co/cTRd9gTRSA",2020-09-27T19:59:33.000Z,ar
1310301012478103554,1257105924176650242,"RT @ToYouKSA: ุทูุจ ุงูุบุฏุง ูุง ูุญุชุงุฌ ุชุญุชุงุฑ ูุชูุซูุฑ ุงูุฃุณุฆูุฉ๐ค
ุงุทูุจู ูู ุจูุชุฒุง ูุช ููุฌูู ุจู 5 ุฑูุงู ูุนุฑูุถ ูุฐููุฉ๐คฉ https://t.co/cTRd9gTRSA",2020-09-27T19:31:20.000Z,ar
1310298891959574531,4346141602,@takmem90 ุงู ุจูุชุฒุง ุญู ูุญู ูุนุฌูุงุช ููุง ุจูุชุฒุง ูุช ุงู ุญุฌู ุญูุณูู ุชุฑุงูู ูู ุนุดุงู ุงูุจูุชุฒุง ๐ณ,2020-09-27T19:22:54.000Z,ar
1310297120008818689,1308125997674442754,"RT @HungerStation: ูู ุนุงู ูุฃูุชู #ุณุงูููู_ููุนูุฏูู ๐๐
ูุจูููุง ุจูุชุฒุง ๐
ุงุทูุจ ูู ุจูุชุฒุง ูุช ููุฌูู ุจู 9 ุฑูุงู ุฑุณูู ุชูุตูู ๐คค
ูููุฑุณุชูุดู #ุฏุงูู_ุชููุงู ๐",2020-09-27T19:15:52.000Z,ar
1310296251817177088,1308125997674442754,"RT @HungerStation: ูุจูููุง ุจูุชุฒุง ๐
ุงุทูุจ ูู ุจูุชุฒุง ูุช ููุฌูู ุจู 9 ุฑูุงู ุฑุณูู ุชูุตูู ๐คค
ูููุฑุณุชูุดู #ุฏุงูู_ุชููุงู ๐

https://t.co/n4V0s5osJZ https://t.โฆ",2020-09-27T19:12:25.000Z,ar
1310295248162172931,1308125997674442754,"RT @HungerStation: ูุจูููุง ุจูุชุฒุง ๐
ุงุทูุจ ูู ุจูุชุฒุง ูุช ููุฌูู ุจู 9 ุฑูุงู ุฑุณูู ุชูุตูู ๐คค
ูููุฑุณุชูุดู #ุฏุงูู_ุชููุงู ๐

https://t.co/n4V0s5osJZ https://t.โฆ",2020-09-27T19:08:25.000Z,ar
1310294934268846087,1308125997674442754,"RT @HungerStation: ูุจูููุง ุจูุชุฒุง ๐
ุงุทูุจ ูู ุจูุชุฒุง ูุช ููุฌูู ุจู 9 ุฑูุงู ุฑุณูู ุชูุตูู ๐คค
ูููุฑุณุชูุดู #ุฏุงูู_ุชููุงู ๐

https://t.co/n4V0s5osJZ https://t.โฆ",2020-09-27T19:07:11.000Z,ar
1310294659588132871,1308125997674442754,"RT @HungerStation: ูุจูููุง ุจูุชุฒุง ๐
ุงุทูุจ ูู ุจูุชุฒุง ูุช ููุฌูู ุจู 9 ุฑูุงู ุฑุณูู ุชูุตูู ๐คค
ูููุฑุณุชูุดู #ุฏุงูู_ุชููุงู ๐

https://t.co/n4V0s5osJZ https://t.โฆ",2020-09-27T19:06:05.000Z,ar
1310294451697446912,1308125997674442754,"RT @HungerStation: ูุจูููุง ุจูุชุฒุง ๐
ุงุทูุจ ูู ุจูุชุฒุง ูุช ููุฌูู ุจู 9 ุฑูุงู ุฑุณูู ุชูุตูู ๐คค
ูููุฑุณุชูุดู #ุฏุงูู_ุชููุงู ๐

https://t.co/n4V0s5osJZ https://t.โฆ",2020-09-27T19:05:16.000Z,ar
1310293970526908416,1308125997674442754,"RT @HungerStation: ูุจูููุง ุจูุชุฒุง ๐
ุงุทูุจ ูู ุจูุชุฒุง ูุช ููุฌูู ุจู 9 ุฑูุงู ุฑุณูู ุชูุตูู ๐คค
ูููุฑุณุชูุดู #ุฏุงูู_ุชููุงู ๐

https://t.co/n4V0s5osJZ https://t.โฆ",2020-09-27T19:03:21.000Z,ar
1310290884857135104,1296930513614188549,ุจูุชุฒุง ูุช ุบุซูุงุงุงู,2020-09-27T18:51:05.000Z,ar
1310287883614519299,1238127970474242051,"ุจุณ ุฃูุซุฑ ุดู ุญูู ููู ุฑุญูุง ุงุชุนุดููุง ูุฑุญูุง ุจูุชุฒุง ูุช ููุงูุช ุงูุจูุชุฒุง ุทุนุนุนุนุนูุฉ ุฃุญุณู ูู ุงููู ูุงูููุง ููุง ๐๐
ูุงูุช ุงูููุฒุงุฑููุง ุชุชูุทุท ููุณ ูู ุงูุฅุนูุงูุงุช ! https://t.co/367eZ3HF1T",2020-09-27T18:39:10.000Z,ar
1310285776761036800,1310221074437738496,"ูุญุชุงุฌ ููุงุถูุ ุจูุถุ ุฎุจุฒุ ุญููุจ ๐ถ๐ฅ๐ฅซ
ุฌุจุช ูู ููุฏ ุฎุตู ูุฌุงููโE33 
 ุญูู ุงูุชุทุจูู ูู ุงููุชุฌุฑ
๐
https://t.co/wJ80Z1Vsfa
ูุง ุชูุณู ููุฏ ุงูุฎุตู ๐ฅ(MRN ) 
 ููุตู ุฌููุน ุฃูุญุงุก ุงูููููุฉ ๐ธ๐ฆ

ุงูุฑูุงุถ ุฌุฏู ุงููุฏููุฉ ููู ุงูุดุฑููุฉ ุงูุทุงุฆู ุฌุงูุฒ ูุตู ุจูุชุฒุง ูุช ูุฌุงูู ูุฑุณูู ูููุฑุณุชูุดู ุงูุจูู ูุฑูู ููุชุงูู ููุจูู ุฎุตู https://t.co/xfuIBJcoRo",2020-09-27T18:30:47.000Z,ar
1310285343745290240,1305524773276049408,"@QueenRania ุงููุณุชุดูู... ุงุทูุจ..arabiata
ููู ุจูุนูู.. ูุฏู..ู
ุงูุบุฏุง.. ูุฌุจู.. ูุงุญุฏู
ุงุทูุจ.. ุจูุชุฒุง ูุช
Hardees
ุงูุญุงุชู..
ุนุงูุด.. ุญูุงุชู.. ุนุงุฏู..
ู ูู.. ููุงู ุงุฎุฏ ุฏุด.. ูู ูู.. ุดู
๐๐๐",2020-09-27T18:29:04.000Z,ar
1310276086001999881,1306480229473497088,RT @DobbyIsFre: ููู ูุชุฐูุฑ ุงุนูุงู ุจูุชุฒุง ูุช ูุฐุง๐๐ https://t.co/mAWHLPPW0m,2020-09-27T17:52:17.000Z,ar
1310271389673414657,1075394865284952065,RT @DobbyIsFre: ููู ูุชุฐูุฑ ุงุนูุงู ุจูุชุฒุง ูุช ูุฐุง๐๐ https://t.co/mAWHLPPW0m,2020-09-27T17:33:37.000Z,ar
1310271017378512896,1264904196056322048,"RT @ToYouKSA: ุทูุจ ุงูุบุฏุง ูุง ูุญุชุงุฌ ุชุญุชุงุฑ ูุชูุซูุฑ ุงูุฃุณุฆูุฉ๐ค
ุงุทูุจู ูู ุจูุชุฒุง ูุช ููุฌูู ุจู 5 ุฑูุงู ูุนุฑูุถ ูุฐููุฉ๐คฉ https://t.co/cTRd9gTRSA",2020-09-27T17:32:08.000Z,ar
1310263548690522119,1456948538,ุจูุชุฒุง ูุช ู ุณูุงู ููุงู ุงูุนุดู  ููุฑุง ุงูุนุดู ูุทุนุฉ ุจุงููุชู ุนุดุงู ูุงูุฎุชุฑุจ ุงูุฑุฌูู ูุฌุงู ุงุฎุถุฑ #ููุฑุดุงูู ุนููุงู๐๐ป,2020-09-27T17:02:28.000Z,ar
1310253282233905152,1079461366065516545,ูุง ุชุซู ุจุดุฎุต ูุทูุจ ุจุงุณุชุง ูู ุจูุชุฒุง ูุช,2020-09-27T16:21:40.000Z,ar
1310249429140754433,1191100426772451329,ุจุตู ุฏุง ููุธุฑ ุงูุทูุจ ุงูู ุงูุง ุทุงูุจู ูุงูุชุงูู ุฏุง ุงูููุธุฑ ุงูู ุฌุงูู ๐ ุจุฌุฏ ุจูุชุฒุง ูุช ูุฑุน ุงููุญูุฉ ุฏุง ุงูุณุฎ ูุทุนู โฆโผ๏ธโฉ https://t.co/ZEnOb2oFLi,2020-09-27T16:06:21.000Z,ar
1310241854861070338,1307110908913766402,"RT @ToYouKSA: ุทูุจ ุงูุบุฏุง ูุง ูุญุชุงุฌ ุชุญุชุงุฑ ูุชูุซูุฑ ุงูุฃุณุฆูุฉ๐ค
ุงุทูุจู ูู ุจูุชุฒุง ูุช ููุฌูู ุจู 5 ุฑูุงู ูุนุฑูุถ ูุฐููุฉ๐คฉ https://t.co/cTRd9gTRSA",2020-09-27T15:36:15.000Z,ar
1310236421911871489,1285346948820631552,"RT @ToYouKSA: ุทูุจ ุงูุบุฏุง ูุง ูุญุชุงุฌ ุชุญุชุงุฑ ูุชูุซูุฑ ุงูุฃุณุฆูุฉ๐ค
ุงุทูุจู ูู ุจูุชุฒุง ูุช ููุฌูู ุจู 5 ุฑูุงู ูุนุฑูุถ ูุฐููุฉ๐คฉ https://t.co/cTRd9gTRSA",2020-09-27T15:14:40.000Z,ar
1310232815770963969,1241759276374335489,"RT @ToYouKSA: ุทูุจ ุงูุบุฏุง ูุง ูุญุชุงุฌ ุชุญุชุงุฑ ูุชูุซูุฑ ุงูุฃุณุฆูุฉ๐ค
ุงุทูุจู ูู ุจูุชุฒุง ูุช ููุฌูู ุจู 5 ุฑูุงู ูุนุฑูุถ ูุฐููุฉ๐คฉ https://t.co/cTRd9gTRSA",2020-09-27T15:00:20.000Z,ar
1310225251746357249,1273214914442690561,"RT @ToYouKSA: ุทูุจ ุงูุบุฏุง ูุง ูุญุชุงุฌ ุชุญุชุงุฑ ูุชูุซูุฑ ุงูุฃุณุฆูุฉ๐ค
ุงุทูุจู ูู ุจูุชุฒุง ูุช ููุฌูู ุจู 5 ุฑูุงู ูุนุฑูุถ ูุฐููุฉ๐คฉ https://t.co/cTRd9gTRSA",2020-09-27T14:30:17.000Z,ar
1310216222529720321,1212434987904929792,"RT @ToYouKSA: ุทูุจ ุงูุบุฏุง ูุง ูุญุชุงุฌ ุชุญุชุงุฑ ูุชูุซูุฑ ุงูุฃุณุฆูุฉ๐ค
ุงุทูุจู ูู ุจูุชุฒุง ูุช ููุฌูู ุจู 5 ุฑูุงู ูุนุฑูุถ ูุฐููุฉ๐คฉ https://t.co/cTRd9gTRSA",2020-09-27T13:54:24.000Z,ar
1310210815337865218,96510732,RT @mahdihabbani: ุฌุฒุฆูุฉ ุธููุฑ ุบูุฑุจุงุชุดูู ูู ุงุนูุงู ุจุชุงุน ุจูุชุฒุง ูุช ุฏู ุญููููุฉ ุจุงูููุงุณุจุฉ,2020-09-27T13:32:55.000Z,ar
1310210777039634432,96510732,RT @mahdihabbani: ููุฎุงุฆูู ุบูุฑุจุงุชุดูู: ููุฏ ุชุฑูุช ููู ุจุนุถ ูุชุงุช ุงูุงุญุฒุงุจ ุงูุดููุนูุฉ ููุง ูููุงู ูุณุจุจูู. ููู ุชุณุชูุชุน ุงูุงุฌูุงู ุงููุงุฏูุฉ ุจุจุนุถ ุทุฑุจ ุตูุงุญูู ุงูโฆ,2020-09-27T13:32:46.000Z,ar
1310210690758606848,66617044,ุฌุฒุฆูุฉ ุธููุฑ ุบูุฑุจุงุชุดูู ูู ุงุนูุงู ุจุชุงุน ุจูุชุฒุง ูุช ุฏู ุญููููุฉ ุจุงูููุงุณุจุฉ,2020-09-27T13:32:25.000Z,ar
1310207747904987136,3070057828,RT @mahdihabbani: ููุฎุงุฆูู ุบูุฑุจุงุชุดูู: ููุฏ ุชุฑูุช ููู ุจุนุถ ูุชุงุช ุงูุงุญุฒุงุจ ุงูุดููุนูุฉ ููุง ูููุงู ูุณุจุจูู. ููู ุชุณุชูุชุน ุงูุงุฌูุงู ุงููุงุฏูุฉ ุจุจุนุถ ุทุฑุจ ุตูุงุญูู ุงูโฆ,2020-09-27T13:20:44.000Z,ar
1310207112501436416,66617044,ููุฎุงุฆูู ุบูุฑุจุงุชุดูู: ููุฏ ุชุฑูุช ููู ุจุนุถ ูุชุงุช ุงูุงุญุฒุงุจ ุงูุดููุนูุฉ ููุง ูููุงู ูุณุจุจูู. ููู ุชุณุชูุชุน ุงูุงุฌูุงู ุงููุงุฏูุฉ ุจุจุนุถ ุทุฑุจ ุตูุงุญูู ุงููุงูุ ููู ุซู ูุชุนุฑููุง ููุงุฐุง ุงุฎุชุฑุช ุงูุธููุฑ ูู ุงูู ุงุนูุงู ุชุฑููุฌู ูุณูุณูุฉ ูุทุงุนู ุจูุชุฒุง ูุช ูู ุงุซูุฑ ุงูุงุชุญุงุฏ ุงูุณููููุชู ุงูุฐุงูุงู ุจุงูููุงุฑ ูุชูุฉ ุงููุฑุงุก ุชูู,2020-09-27T13:18:12.000Z,ar
1310205210862776321,1080752629712633856,@MuhannadOTA @Broken_SSBU ูููุณ ุจุณ ุจูุชุฒุง ูุช ู ุฏูููููุฒ ุงูุถู ุจูุฑุงุญู,2020-09-27T13:10:39.000Z,ar
1310196803371823104,1298707754685730816,"RT @ToYouKSA: ุทูุจ ุงูุบุฏุง ูุง ูุญุชุงุฌ ุชุญุชุงุฑ ูุชูุซูุฑ ุงูุฃุณุฆูุฉ๐ค
ุงุทูุจู ูู ุจูุชุฒุง ูุช ููุฌูู ุจู 5 ุฑูุงู ูุนุฑูุถ ูุฐููุฉ๐คฉ https://t.co/cTRd9gTRSA",2020-09-27T12:37:14.000Z,ar
1310195330265362434,1037000741074993152,"RT @ToYouKSA: ุทูุจ ุงูุบุฏุง ูุง ูุญุชุงุฌ ุชุญุชุงุฑ ูุชูุซูุฑ ุงูุฃุณุฆูุฉ๐ค
ุงุทูุจู ูู ุจูุชุฒุง ูุช ููุฌูู ุจู 5 ุฑูุงู ูุนุฑูุถ ูุฐููุฉ๐คฉ https://t.co/cTRd9gTRSA",2020-09-27T12:31:23.000Z,ar
1310190943899975683,559995567,ุจูุชุฒุง ูุช,2020-09-27T12:13:57.000Z,ar
1310187547931357185,927161447293079552,"ุทูุจ ุงูุบุฏุง ูุง ูุญุชุงุฌ ุชุญุชุงุฑ ูุชูุซูุฑ ุงูุฃุณุฆูุฉ๐ค
ุงุทูุจู ูู ุจูุชุฒุง ูุช ููุฌูู ุจู 5 ุฑูุงู ูุนุฑูุถ ูุฐููุฉ๐คฉ https://t.co/cTRd9gTRSA",2020-09-27T12:00:28.000Z,ar
1310183748567212033,1251897765669605376,ูููุฑุณุชูุดู #ููุฏ_ุฎุตู #ูุทุนู #ูุงู #ูุฑูู #ุจูุชุฒุง_ูุช ุงูู ุทูุจ ูู ูุฎุตู ูู ูขู ุงูู ูฅู ุฑูุงู DT2B4Y DT2B4Y DT2B4Y,2020-09-27T11:45:22.000Z,ar
1310175216774057984,452286513,"@Naseralimohamme @NBOBank ุงููู ูุนููู ูุฏ ุงูุนูู ูุน ุงูุจููู 
ุงูู ูุง ูุฎูุตูู ุนุงุฏ ูุฐุง ุงูุจูู ูุงูู ููุงูู ุบูุฑ ู ูุฑุนูู 
ูุนูุฏ ูุทุนู ุงู ุจูุชุฒุง ูุช",2020-09-27T11:11:28.000Z,ar
1310167325933436930,1150386515773706242,@lixz64 @shhkh_ ุจูุชุฒุง ูุช,2020-09-27T10:40:06.000Z,ar
1310167286519607296,1299976122705367040,@lixz64 @shhkh_ ุจูุชุฒุง ูุช,2020-09-27T10:39:57.000Z,ar
1310164494325362688,1072635390178324480,@PizzaHut_Saudi ุงูุด ูุฌุจุชู ุงูููุถูุฉ ุงููููโ๏ธ ูู ุจูุชุฒุง ูุช ุงูุณุนูุฏูุฉ ุงุทูุจูุง ูุงุญูุง ูู ูุณุชุฑ ููุฏูุจ ููุตููุง ูุจุงุจ ุจูุชู ๐ ๐ ููุฏ ุงูุฎุตู ุงููุฌุงูู โค๏ธ TN7 โค๏ธ ูุณุชุฑ ููุฏูุจ ุนูู ูููุจ ๐ https://t.co/LrFino0uUp,2020-09-27T10:28:51.000Z,ar
1310163722187530240,2462133742,"RT @eyelashoptics: ุจุญูุฏ ุงููู 
ุงูุชุชุชุงุญ ุฑูุดุฉ ุนูู ูููุธุงุฑุงุช 
ุงุจุชุฏุงุก ูู ุงูููู ูขููขู/ูฉ/ูกูฅ ุนุฑูุถูุง ุบูููููููููุฑ ุงุณุนุงุฑ ูุง ุชูุจู ุงูููุงูุณู ุงุณุนุงุฑ ุฎูุงููู ุนโฆ",2020-09-27T10:25:47.000Z,ar
1310157019488423937,1014818580960088065,@ism3eel_ ูุงุชููู ูู ููุณู ุงููุจูู ุงููู ุชู ูุฎูุต ุนูุฏ ุจูุชุฒุง ูุชุ,2020-09-27T09:59:09.000Z,ar
1310134494427578370,1284733849063260160,ุงููู ูููุนุน ุจูุชุฒุง ูุช,2020-09-27T08:29:39.000Z,ar
1310099222008655872,1302180662322114561,ูุญุงุทูู ูู ุงุบุงูู ุจูุชุฒุง ูุช ูููููููุด,2020-09-27T06:09:29.000Z,ar
1310033144104574976,1197868298953744386,ุงุจู ุจูุชุฒุง ูุช,2020-09-27T01:46:55.000Z,ar
1309999198385864704,1099725970574110721,ูุง ุนุงูุงุณุงุณ ุจูุชุฒุง ูุช ุงููุณ ูุจูุณูุฑุ ูุง ุงุดูู ุดู ุชุณูุฑ  ๐ค,2020-09-26T23:32:02.000Z,ar
1309994989099905024,1251897765669605376,#ูููุฑุณุชูุดู #ููุฏ_ุฎุตู #ูุทุนู #ูุงู #ูุฑูู #ุจูุชุฒุง_ูุช ุงูู ุทูุจ ูู ูุฎุตู ูู ูขู ุงูู ูฅู ุฑูุงู ๐ #ููุฏ ( DT2B4Y ) DT2B4Y DT2B4Y,2020-09-26T23:15:18.000Z,ar
1309988952582086657,414614243,@MariamEmara ูุง ูุงูุต ูุนูููุง ุชูุฑุชุฉ ุจูุชุฒุง ูุช ุนูุดุงู ุชุจูู ูููุช ๐๐๐,2020-09-26T22:51:19.000Z,ar
1309987426685906944,1251897765669605376,ูููุฑุณุชูุดู #ููุฏ_ุฎุตู #ูุทุนู #ูุงู #ูุฑูู #ุจูุชุฒุง_ูุช ุงูู ุทูุจ ูู ูุฎุตู ูู ูขู ุงูู ูฅู ุฑูุงู DT2B4Y DT2B4Y DT2B4Y,2020-09-26T22:45:15.000Z,ar
1309986792326795264,1309939046769139713,"RT @CareemKSA: ูุง ุชููู ูุด ุฃุทูุจ ูู ุงูููููุฏ ๐ถ

ุทูููู ุงูููููุฏ ุชูุฏุฑ ุชููุฑ
ยุนูู ูู ุงููููู ูู ุจูุชุฒุง ูุช ๐

ุฌูุฒ ุทูุจู ูุงุณุชุฎุฏู ููุฏ: PH30 https://t.co/โฆ",2020-09-26T22:42:44.000Z,ar
1309986567218495488,1309939046769139713,"RT @CareemKSA: ๐๐ฟ๐ฌ๐ฎ๐
ูุฐู ุจุนุถ ุงูุฃุดุงุก ุงูู ุชุญุชุงุฌูุง ููููุฏ ูุทู ููุนูุง ุชููุฑ ุฑูุจ ุนูู ุจุชุฒุง ูุช ๐

ุงุณุชุฎุฏู ููุฏ: PH30
ุงูุนุฑุถ ุตุงูุญ ุจุงูุฑูุงุถ ูุงูุฏูุงู ูโฆ",2020-09-26T22:41:50.000Z,ar
1309986056868171776,1309939046769139713,"RT @CareemKSA: ุชุนุฑู ูุนุงุฏูุฉ ุงููููุฏุ๐คูููุฏ + ุจุชุฒุง ูุช = ุชููุฑ ุนูู ูู ุงูููู ุทูู ุงููููุฏ๐

ุทุจูู ุงููุนุงุฏูุฉ ุจุงุณุชุฎุฏุงู ููุฏ: PH30 ูุจุงูุนุงูุฉ! httpsโฆ",2020-09-26T22:39:48.000Z,ar
1309983113578192896,1309939046769139713,"RT @CareemKSA: ููุงุณุฉ ุงูููููุฏ ุชููู ูุน ุชูููุฑ ุนูู ุทูุจู ูู ุจูุชุฒุง ูุช โจ

ุงุณุชุฎุฏู ููุฏ: PH25
ุงูุนุฑุถ ุตุงูุญ ุจุงูุฑูุงุถ ูุงูุฏูุงู ููุท ๐ https://t.co/arhCdOCgUp",2020-09-26T22:28:07.000Z,ar
1309942528423219207,89211088,@hamdanqtr55500 ูุง ุตูุจ ูุทุงุนู ุฑูุงุฏุง ุตูุจ ุจูุชุฒุง ูุช ู ุจุงูุฏุฑูุฒุง  ๐คฃ,2020-09-26T19:46:50.000Z,ar
1309940268913905664,861872185245405184,ุจูุชุฒุง ูุช ุงูุตุบูุฑุฉ ูููุช๐ฅบ,2020-09-26T19:37:52.000Z,ar
1309938191760318464,1285742465916506113,ูุงูุทูููู ุจูุชุฒุง ูุช ๐ค,2020-09-26T19:29:37.000Z,ar
1309936544589979650,1177862894404415488,@ss1hh22 ุจูุชุฒุง ูุช,2020-09-26T19:23:04.000Z,ar
1309933675958730755,390518992,@buqht77 @WAD3ANiii ูุฐุง ุฎุณ ููุง ุจูุชุฒุง ูุช ุ๐,2020-09-26T19:11:40.000Z,ar
1309930378090737664,1082203024880267264,"@MohaAls1 ุงูุช ุตุญ ๐๐๐๐๐ป
ุนุดุงู ุจูุชุฒุง ููุช ๐ฅบ๐ถ๐ปโโ๏ธ๐ถ๐ปโโ๏ธ",2020-09-26T18:58:34.000Z,ar
1309926605352062976,1291325363654733832,@Shamerya4 ุจูุชุฒุง ูุช ุจุทูุจุงุช๐คฆ๐ปโโ๏ธ,2020-09-26T18:43:34.000Z,ar
1309924741449420804,814519265466454017,"#ุจูุชุฒุง_ูุช 
ุจูุชุฒุง ูุช ููููู ููู ูุฏู ุนูู !!
ุฏู ุนูููู ููุง ุจุณ ุฃูุง ๐๐",2020-09-26T18:36:10.000Z,ar
1309916733344538625,893462659928141824,"@tranevx ููุชุงูู ููุง ุจูุชุฒุง ูุช
ุชููุงูู ููุง ุจุฒู ูุชุนุถ",2020-09-26T18:04:20.000Z,ar
1309891916499214336,1040831506585935872,ุจูุชุฒุง ูุช ุฃุญุณู ุงุดู ุจุญูุงุชู,2020-09-26T16:25:44.000Z,ar
1309872990532915200,1255667207264231424,@SAUDI_HOPE1 @BTS_twt ููุชุงูู ู ูุงู ู ูุงุฑุฏูุฒ ู ุจูุชุฒุง ูุช,2020-09-26T15:10:31.000Z,ar
1309871146700070912,1279822201403908099,@Alessa_Anwaar ุจูุชุฒุง ูุช ุงูุฏููุงุช ููุชููุง ูุจุณ ๐๐คฃ,2020-09-26T15:03:12.000Z,ar
1309870523426525184,855084320645664772,RT @kma__93: @no_idea4 ุงุฎุฑ ูุฑู ุฑุญุช ุจูุชุฒุง ูุช ูุฏูููุง ูู ูุฐุง !! https://t.co/ZprhoUq4SG,2020-09-26T15:00:43.000Z,ar
1309869114861723650,2396610518,@no_idea4 ุงุฎุฑ ูุฑู ุฑุญุช ุจูุชุฒุง ูุช ูุฏูููุง ูู ูุฐุง !! https://t.co/ZprhoUq4SG,2020-09-26T14:55:07.000Z,ar
1309865663679389696,835030409138343936,ุตุงุฑ ุจุฎุงุทุฑู ุจูุชุฒุง ูุช ุณูุจุฑ ุณูุจุฑูู ๐,2020-09-26T14:41:25.000Z,ar
1309858567676190720,782223578754416642,ุชููู ุงุฐุง ุจุชุณููู ูุดุฑูุน ูุง ุชุฑูุนูู ุงูุงุณุนุงุฑ !! ุฎูููุง ูุฏุนููู ููุดุฌุนูู ..ุจุทูุจ ุจูุชุฒุง ูู ูุงุญุฏ โ๏ธ ููุง ุตููู ุณุนุฑ ..ูุนูู ุงูุช ููุง ุฑุงุณู ุงููุฑุจุน ุงูุฐ ูู ุจูุชุฒุง ูุช ูุซูุง,2020-09-26T14:13:13.000Z,ar
1309843992411021312,958512484050243584,@HMD_ALHA ููุจ ูุนุงู ุจูุชุฒุง ูุช ู ุชุจ ููุชุงูู ู ูุฑุณุจู ูุฑูู ุงูุฑูุฌููุงู,2020-09-26T13:15:18.000Z,ar
1309820478861832192,839849588,ูุจููู ุจูุชุฒุง ูุช https://t.co/TKEfLD98EP,2020-09-26T11:41:52.000Z,ar
1309806203095199744,1251897765669605376,ูููุฑุณุชูุดู #ููุฏ_ุฎุตู #ูุทุนู #ูุงู #ูุฑูู #ุจูุชุฒุง_ูุช ุงูู ุทูุจ ูู ูุฎุตู ูู ูขู ุงูู ูฅู ุฑูุงู DT2B4Y DT2B4Y DT2B4Y,2020-09-26T10:45:08.000Z,ar
1309799033205030913,1309052917043941377,"ูุญุชุงุฌ ููุงุถูุ ุจูุถุ ุฎุจุฒุ ุญููุจ ๐ถ๐ฅ๐ฅซ
ุฌุจุช ูู ููุฏ ุฎุตู ูุฌุงููโMo11
 ุญูู ุงูุชุทุจูู ูู ุงููุชุฌุฑ
๐
https://t.co/bYGqgT54Jb
ูุง ุชูุณู ููุฏ ุงูุฎุตู ๐ฅ(Mo11 
 ููุตู ุฌููุน ุฃูุญุงุก ุงูููููุฉ ๐ธ๐ฆ

ุงูุฑูุงุถ ุฌุฏู ุงููุฏููุฉ ููู ุงูุดุฑููุฉ ุงูุทุงุฆู ุฌุงูุฒ ูุตู ุจูุชุฒุง ูุช ูุฌุงูู ูุฑุณูู ูููุฑุณุชูุดู ุงูุจูู  #ุฒูุงุฌ_ุญุจ_ููุง_ูุตูุญู https://t.co/o8FRgX5Ytj",2020-09-26T10:16:39.000Z,ar
1309791168478224385,2292974345,@hunger_care @HungerStation ุงููู ูุณููู ุจูุชุฒุง ูุช ุงููู ุนูุฏูุง ุฏุงูู ูุดุบูู ูู ุญูุงูู ุงูุดูุฑ ูุงูุณุชูุจู ุทูุจุงุช ุงุชููู ุชุดูููู ุงููุถุน ูููุชู ุณูุฒุฑ ููู ููููููู ูู ุนูุฏูุง ูุฏุฌุงุฌ ุชูุณุงุณ ููููู ุนุดุงู ุงุฒูุฏ ุนุดู ููู ููุญุจ ุจุนุถ ููุนูุด ูู ุณุนุงุฏู ููุงูุฒุนู ุนูู ุจุนุถ,2020-09-26T09:45:23.000Z,ar
1309781812688891910,1888281836,@Q8_GLADIATOR @Almajlliss ุจูุชุฒุง ุฌุฏูุฏู ุชููุง ูุงุฒูู ูู ุจูุชุฒุง ูุช ููุณููู ุนูููุง ุนุฑุถ ุงุชุตู ุนูููู,2020-09-26T09:08:13.000Z,ar
1309758812891631616,946918735016812544,@Challenges_Guy ุฌุฑุจุช ุจูุชุฒุง ูุชุ,2020-09-26T07:36:49.000Z,ar
1309719276748709891,1309584311180500993,"@6svjkl @Sarah_Maestro ูุญุชุงุฌ ููุงุถูุ ุจูุถุ ุฎุจุฒุ ุญููุจ ๐ถ๐ฅ๐ฅซ
ุฌุจุช ูู ููุฏ ุฎุตู ูุฌุงูู๐AM5๐
 ุญูู ุงูุชุทุจูู ูู ุงููุชุฌุฑ
๐
https://t.co/yfMgzamH5x
ูุง ุชูุณู ููุฏ ุงูุฎุตู๐AM5 ๐ฅ
 ููุตู ุฌููุน ุฃูุญุงุก ุงูููููุฉ 

ุงูุฑูุงุถ ุฌุฏู ุงููุฏููุฉ ููู ุงูุดุฑููุฉ ุงูุทุงุฆู ุฌุงูุฒ ูุตู ุจูุชุฒุง ูุช ูุฌุงูู ูุฑุณูู ูููุฑุณุชูุดู ุงูุจูู ูุฑูู ููุชุงูู ููุจูู https://t.co/dBjaBsY3as",2020-09-26T04:59:43.000Z,ar
1309718946866700288,1309584311180500993,"@Sara11231011 @Fiyroz_sa ูุญุชุงุฌ ููุงุถูุ ุจูุถุ ุฎุจุฒุ ุญููุจ ๐ถ๐ฅ๐ฅซ
ุฌุจุช ูู ููุฏ ุฎุตู ูุฌุงูู๐AM5๐
 ุญูู ุงูุชุทุจูู ูู ุงููุชุฌุฑ
๐
https://t.co/yfMgzamH5x
ูุง ุชูุณู ููุฏ ุงูุฎุตู๐AM5 ๐ฅ
 ููุตู ุฌููุน ุฃูุญุงุก ุงูููููุฉ 

ุงูุฑูุงุถ ุฌุฏู ุงููุฏููุฉ ููู ุงูุดุฑููุฉ ุงูุทุงุฆู ุฌุงูุฒ ูุตู ุจูุชุฒุง ูุช ูุฌุงูู ูุฑุณูู ูููุฑุณุชูุดู ุงูุจูู ูุฑูู ููุชุงูู https://t.co/dnZftlnTKi",2020-09-26T04:58:24.000Z,ar
1309696357897310208,953081282,@naam14469303 @Talal_Alalawi83 @AlismailiSamad @touqi_al ุงูููุงูุญ  ุฎูู ุจูุชุฒุง ูุช,2020-09-26T03:28:39.000Z,ar
1309677746440863744,573628870,"RT @hala_alk: 2465050 ุจูุชุฒุง ูุช ููุชูุตูู ุญุงุถุฑูู

ูุญููุชููุงุ ๐

ุงูุฒูู ูููุญูู ูุฐุง ุฑููููุ",2020-09-26T02:14:42.000Z,ar
1309637201127526401,500949401,"RT @xxlawam: @kaec_saudi 
@ECZA_GOV ุงููุฏู ุงูุฅูุชุตุงุฏูุฉ
ููุฃุณู ุฃูุณ ููุช ูู ุงููุฏููุฉ ูุนุงููุงุช ูุงูู ูุญุฑุฒุฉ ูู ุงููุฏููุฉ ูุน ุฅููุงู ู ุนุฏู ูุฑุงูุจุฉ ุงููุทุงุนู ูโฆ",2020-09-25T23:33:35.000Z,ar
1309632602530287616,1251897765669605376,#ูููุฑุณุชูุดู #ููุฏ_ุฎุตู #ูุทุนู #ูุงู #ูุฑูู #ุจูุชุฒุง_ูุช ุงูู ุทูุจ ูู ูุฎุตู ูู ูขู ุงูู ูฅู ุฑูุงู ๐ #ููุฏ ( DT2B4Y ) DT2B4Y DT2B4Y,2020-09-25T23:15:18.000Z,ar
1309610525475700742,1279822201403908099,@arabqoute ุชุทูุจูู  ุจูุชุฒุง ูุช ๐น๐,2020-09-25T21:47:35.000Z,ar
1309609969856262144,1251897765669605376,ูููุฑุณุชูุดู #ููุฏ_ุฎุตู #ูุทุนู #ูุงู #ูุฑูู #ุจูุชุฒุง_ูุช ุงูู ุทูุจ ูู ูุฎุตู ูู ูขู ุงูู ูฅู ุฑูุงู DT2B4Y DT2B4Y DT2B4Y,2020-09-25T21:45:22.000Z,ar
1309607940131876869,1075386189077757957,ุงูุจูุชุฒุง ูู ุจูุชุฒุง ูุช ุฑุงุฆุนุฉ ูุงูุตูุง ุจูุชุฒุง ุจุณ ูุชุจูู ุนุธูุฉ,2020-09-25T21:37:18.000Z,ar
1309605410647748608,305908098,@xrayan_11 ุจุณุชุงุดูู / ุงูุณุชุฑุง ููุฏ / ุจูุชุฒุง ูุช / ุงูุทุงูู ุจูุชุฒุง / ุฑูู ุจูุฑูุฑ /360,2020-09-25T21:27:15.000Z,ar
1309605099535323136,1455114422,@lc_saudi ููู ุงููู ุจูุจุงุดุฑ ุนูููุง ุตุงูู ููุญูู ููุง ุงุทูุจ ูู ุจูุชุฒุง ูุช ููุง ุงููู ุงุทูุจ ุฏูููููุฒ ุจูุชุฒุง ุฏุงู ุจุทูู ูุนูุฑูู ุฎูููุุ,2020-09-25T21:26:01.000Z,ar
1309589405707964416,1170402963661250561,@MoeAlBashir @PizzaHut_Saudi @DominosKSA @MaestroPizzaKSA ุจุตุฑุงุญู ุงูุง ูุง ุงุทูุจ ูู ุจูุชุฒุง ูุช ุจุณุจุจ ุบูุงุก ุงุณุนุงุฑูู ูุซุงูู ุญุงุฌู ุจูุชุฒุง ุฏูููููุฒ ูุฐูุฐู ูููุฑูุดู ูุฃูุง ูุฏูู ุนูููุง,2020-09-25T20:23:39.000Z,ar
1309588888441233410,1308892542583410689,"ูุญุชุงุฌ ููุงุถูุ ุจูุถุ ุฎุจุฒุ ุญููุจ ๐ถ๐ฅ๐ฅซ
ุฌุจุช ูู ููุฏ ุฎุตู ูุฌุงููโE33 
 ุญูู ุงูุชุทุจูู ูู ุงููุชุฌุฑ
๐
https://t.co/dzpK7TIwU3
ูุง ุชูุณู ููุฏ ุงูุฎุตู ๐ฅ(MRN ) 
 ููุตู ุฌููุน ุฃูุญุงุก ุงูููููุฉ ๐ธ๐ฆ

ุงูุฑูุงุถ ุฌุฏู ุงููุฏููุฉ ููู ุงูุดุฑููุฉ ุงูุทุงุฆู ุฌุงูุฒ ูุตู ุจูุชุฒุง ูุช ูุฌุงูู ูุฑุณูู ูููุฑุณุชูุดู ุงูุจูู #ุงูุฌูุนู_ุจุฏุงูู_ูุด_ููุงูู https://t.co/6mRRaB0w0h",2020-09-25T20:21:36.000Z,ar
1309587189156773895,844545543405785095,@ItsBa7ar ุจูุชุฒุง ูุช,2020-09-25T20:14:51.000Z,ar
1309586813305135104,1309584311180500993,"@lioc78 @goldenscentcom @M217111 ูุญุชุงุฌ ููุงุถูุ ุจูุถุ ุฎุจุฒุ ุญููุจ ๐ถ๐ฅ๐ฅซ
ุฌุจุช ูู ููุฏ ุฎุตู ูุฌุงูู๐AM5๐
 ุญูู ุงูุชุทุจูู ูู ุงููุชุฌุฑ
๐
https://t.co/yfMgzamH5x
ูุง ุชูุณู ููุฏ ุงูุฎุตู๐AM5 ๐ฅ
 ููุตู ุฌููุน ุฃูุญุงุก ุงูููููุฉ 

ุงูุฑูุงุถ ุฌุฏู ุงููุฏููุฉ ููู ุงูุดุฑููุฉ ุงูุทุงุฆู ุฌุงูุฒ ูุตู ุจูุชุฒุง ูุช ูุฌุงูู ูุฑุณูู ูููุฑุณุชูุดู ุงูุจูู ูุฑูู ููุชุงูู ููุจูู ูุฑุณูู https://t.co/GN7w7zPtQP",2020-09-25T20:13:21.000Z,ar
1309585542703706114,1309584311180500993,"ูุญุชุงุฌ ููุงุถูุ ุจูุถุ ุฎุจุฒุ ุญููุจ ๐ถ๐ฅ๐ฅซ
ุฌุจุช ูู ููุฏ ุฎุตู ูุฌุงูู๐Mo11๐
 ุญูู ุงูุชุทุจูู ูู ุงููุชุฌุฑ
๐
https://t.co/yfMgzamH5x
ูุง ุชูุณู ููุฏ ุงูุฎุตู๐AM5๐ฅ
 ููุตู ุฌููุน ุฃูุญุงุก ุงูููููุฉ 

ุงูุฑูุงุถ ุฌุฏู ุงููุฏููุฉ ููู ุงูุดุฑููุฉ ุงูุทุงุฆู ุฌุงูุฒ ูุตู ุจูุชุฒุง ูุช ูุฌุงูู ูุฑุณูู ูููุฑุณุชูุดู ุงูุจูู ูุฑูู ููุชุงูู ููุจูู https://t.co/xiQhmkchhN",2020-09-25T20:08:18.000Z,ar
1309585470049914888,1309584311180500993,"ูุญุชุงุฌ ููุงุถูุ ุจูุถุ ุฎุจุฒุ ุญููุจ ๐ถ๐ฅ๐ฅซ
ุฌุจุช ูู ููุฏ ุฎุตู ูุฌุงูู๐Mo11๐
 ุญูู ุงูุชุทุจูู ูู ุงููุชุฌุฑ
๐
https://t.co/yfMgzamH5x
ูุง ุชูุณู ููุฏ ุงูุฎุตู๐AM5 ๐ฅ
 ููุตู ุฌููุน ุฃูุญุงุก ุงูููููุฉ 

ุงูุฑูุงุถ ุฌุฏู ุงููุฏููุฉ ููู ุงูุดุฑููุฉ ุงูุทุงุฆู ุฌุงูุฒ ูุตู ุจูุชุฒุง ูุช ูุฌุงูู ูุฑุณูู ูููุฑุณุชูุดู ุงูุจูู ูุฑูู ููุชุงูู https://t.co/zLcuDRYN4t",2020-09-25T20:08:01.000Z,ar
1309584685757009929,1309395323987668992,"ูุนูุน ูุคูุณู ุฅู ุฃุฑุฏุช ุดุฑุงุจูุง
ูุง ุฎูุฑ ูู ุดุงูู ุจูุง ูุนููุงุนู ๐น

ุชุทุจูู ูุณุชุฑ ููุฏูุจ ูู ุงูุฎุฏูุฉ โ
ุงุณุฑุน ูุงุฑุฎุต ุชุทุจูู ุชูุตูู ูู ุงูููููุฉ๐ธ๐ฆ
ุญููู ุงูุงู๐https://t.co/eX9YwHgkBg
ููุฌุฏ ููุฏ ุฎุตู ๐๐ HAM5
ุงูุถู ูุฑุณูู ุดูุฑุฏู ูุตู ูุทุนู ุงูุจูู ุงุจุบู ุงูุฏูุงู ููุฉ ุงููุฏููุฉ ุงูุณุนูุฏูุฉ ุนุดุงุก ูุทูุฑ ุณูุฑุงู ุจูุชุฒุง ูุช https://t.co/C1bzuigARH",2020-09-25T20:04:54.000Z,ar
1309574517497438208,1309222865556967431,"ูุญุชุงุฌ ููุงุถูุ ุจูุถุ ุฎุจุฒุ ุญููุจ ๐ถ๐ฅ๐ฅซ
ุฌุจุช ูู ููุฏ ุฎุตู ูุฌุงููโE33 
 ุญูู ุงูุชุทุจูู ูู ุงููุชุฌุฑ
๐
https://t.co/4v56piRkiz
ูุง ุชูุณู ููุฏ ุงูุฎุตู ๐ฅ(MRN ) 
 ููุตู ุฌููุน ุฃูุญุงุก ุงูููููุฉ ๐ธ๐ฆ

ุงูุฑูุงุถ ุฌุฏู ุงููุฏููุฉ ููู ุงูุดุฑููุฉ ุงูุทุงุฆู ุฌุงูุฒ ูุตู ุจูุชุฒุง ูุช ูุฌุงูู ูุฑุณูู ูููุฑุณุชูุดู ุงูุจูู ูุฑูู ููุชุงูู ููุจูู ุฎุตู https://t.co/GoLqw8m51Z",2020-09-25T19:24:30.000Z,ar
1309540796161548290,1253404722477895683,ุฑูุญ ุงุดุชุฑู ูู ุฑููู ุงู ูู ููุชุงูู ุงู ุจูุชุฒุง ูุช ุงู ูุงุฑุฏูุฒ๐ https://t.co/5hn0KqmMpL,2020-09-25T17:10:30.000Z,ar
1309539416436768768,947107272685178880,@Bosef99 ุจูุชุฒุง ุฎุงุตุฉ ูู ุจูุชุฒุง ูุช,2020-09-25T17:05:01.000Z,ar
1309537197213855745,2797200522,@ahmedmthanaa ุนูุฏู ูุงุญุฏ ูู ุทุงูุจ ุญุชู ูู ุจูุชุฒุง ูุช ุงูู ูุง ููุฌู ุงูุฃูุฑุฏุฑ ูุงุจุฏุฃ ุขูู ููููู ุงูุง ุงูู ูุฑุฉ ุงุนุฑู ุงููู ุจูุนูููุง ุจูุชุฒุง ุงูุง ุงุชูุงุฌุฃุช ููุณุฃู ุงูุณุคุงู ุงููุนุชุงุฏ ูู ุงูุฏูููุฑู ุจุชุงุนูู ุจูุชุฃุฎุฑ๐ูุงุนู ูู ูุน ุฏูู ุงูู ูุฎูุงุต,2020-09-25T16:56:12.000Z,ar
1309534400389042177,1231835050402091008,@amzrbb ุจูุชุฒุง ูุช,2020-09-25T16:45:05.000Z,ar
1309534036092649472,1237007838997819392,ุนุทููู ูุทุนู ุจูุชุฒุง ุญูู ุจุณ ูู ุจูุชุฒุง ูุช,2020-09-25T16:43:38.000Z,ar
1309526405882023937,2777196500,ูุงุฏ ูุงุฏู ููุง ูุฑุน ุจูุชุฒุง ูุช https://t.co/kt7HePDD7H,2020-09-25T16:13:19.000Z,ar
1309507578347638786,506186190,"@kaec_saudi 
@ECZA_GOV ุงููุฏู ุงูุฅูุชุตุงุฏูุฉ
ููุฃุณู ุฃูุณ ููุช ูู ุงููุฏููุฉ ูุนุงููุงุช ูุงูู ูุญุฑุฒุฉ ูู ุงููุฏููุฉ ูุน ุฅููุงู ู ุนุฏู ูุฑุงูุจุฉ ุงููุทุงุนู ูุซู ุจูุชุฒุง ูุช ูุง ููุฌุฏ ูุธุงูุฉ ูู ุงููุญู ููุง ุชุฑุชูุจ ูุฃูู ูู ููุงู ุดุนุจู https://t.co/VKKyNJIqS5",2020-09-25T14:58:30.000Z,ar
1309474899925307392,860391971038408704,"ูฅ-ูุงู ุจููุณ ุนูุฏูู ุงูุณูุจุฑูู ุจุชุงุนูู ุฒุงุจุท..ุงูุช ูุญุธู ูุฑุงุช ุจููู ุนูู ุญูููู ู ุญุฏูุฏ ูฃูู ุจุฑุถู
ูฆ-ุงููููุงููุฒุง ูุฑุงุฎ ูุดูู ู ุนุงุฑูุฉ ุจูู ุจุฌูุจููู ูุงุณ ุงูุจูุช
ูง-ุจูุชุฒุง ุงูููุถูุฉ ุจุงููุณุจุฉ ูู ุจูุชุฒุง ูุช ุงููุณุท ุจุชุงุนุช ุงูุฏุฌุงุฌ ุงุฎุฑ ูุฑุฉ ูุดูุช ูุจู ูฅ ุดููุฑ ุงุธู ูุงูุช ุจ ูขูฅู ""ูุงุทุนุงูู ูู ุดุจุทู"" ุนูููุง ุงุณู ุญููููู ุดุทุญู",2020-09-25T12:48:39.000Z,ar
1309467420491419648,1309036012941828096,@3aeiq ุจูุชุฒุง ูุช ูุฎูุงุต,2020-09-25T12:18:56.000Z,ar
1309446549248905217,1631209508,RT @samahtarbal: @TramaZoul ูุงู ูู ุจูุชุฒุง ูู ุจุญุฑู ุงุณููุง ุงุจูุฌุงุจุฑุฉ ูุงุนุงุฑูุฉ ุงุณุชู ูู ููุง ูููุช ููู ุงูุณู ุจุงููู ุงุณูุญ ุจูุชุฒุง ูุงูุชูู ูู ุงูุนุงูู ููู ููุงโฆ,2020-09-25T10:56:00.000Z,ar
1309444241710555137,1186976234,@ab8_15 ูุงูุฏููุงูุฏุฒ - ุจูุชุฒุง ูุช,2020-09-25T10:46:50.000Z,ar
1309436601639014402,179027542,"ุจูุชูุฒุง ูููุช โ
ุจูุชุฒุง ููุช โ",2020-09-25T10:16:28.000Z,ar
1309428753685241856,1251897765669605376,ูููุฑุณุชูุดู #ููุฏ_ุฎุตู #ูุทุนู #ูุงู #ูุฑูู #ุจูุชุฒุง_ูุช ุงูู ุทูุจ ูู ูุฎุตู ูู ูขู ุงูู ูฅู ุฑูุงู DT2B4Y DT2B4Y DT2B4Y,2020-09-25T09:45:17.000Z,ar
1309415591053324288,1255230885173112832,@omar_alkhafaji4 ุงูููู ุนูู ุงูุจูุชุฒุง ุงูู ูุณูููุง ุจุงูุจูุช ุบูุฑ ุชูููุช ุนูู  ุจูุชุฒุง ูุช https://t.co/uTHJsGR0z4,2020-09-25T08:52:59.000Z,ar
1309409915321151489,4464218115,"@lirx111 ุงูุดุจุงุจ ูุฏูู ูุฏุฑุนููู ููุญุฏุซูู ุดุบุจ  ุจุณ ุฎุงูููู ูู โฌ๏ธ ูุงูุณูุช ูุฒุงุฒ ุงููุงุฌูุงุช ุญูุช ุจูุชุฒุง ูุช ูุขุจู ุจูุฒ ุงููู ุชูุณุฑุช ูู ุดุบุจ ุงููุฑุงูููู .. 
https://t.co/mfG1Mo3SrA",2020-09-25T08:30:26.000Z,ar
1309404126263074819,2722934937,RT @TramaZoul: ุจูุชุฒุง ุงููุงูุชูุฑูุงุช ุงูุณูุฏุงููุฉ ุงูุนุงุฏูุฉ ุฃูุถู ูู ุจูุชุฒุง ูุช ููู ุงููุงูุชูุฑูุงุช ูุงููุทุงุนู ุงูุฏุฎููุฉ. ุฃูุถู ุจูุชุฒุง ูู ุงูุนุงูู ุนุฏูู..,2020-09-25T08:07:25.000Z,ar
1309386462534696960,982549928714129408,RT @TramaZoul: ุจูุชุฒุง ุงููุงูุชูุฑูุงุช ุงูุณูุฏุงููุฉ ุงูุนุงุฏูุฉ ุฃูุถู ูู ุจูุชุฒุง ูุช ููู ุงููุงูุชูุฑูุงุช ูุงููุทุงุนู ุงูุฏุฎููุฉ. ุฃูุถู ุจูุชุฒุง ูู ุงูุนุงูู ุนุฏูู..,2020-09-25T06:57:14.000Z,ar
1309382841290174465,1309381208850268160,"ูุญุชุงุฌ ููุงุถูุ ุจูุถุ ุฎุจุฒุ ุญููุจ ๐ถ๐ฅ๐ฅซ
ุฌุจุช ูู ููุฏ ุฎุตู ูุฌุงูู๐AM5๐
 ุญูู ุงูุชุทุจูู ูู ุงููุชุฌุฑ
๐
https://t.co/zulyt7t4Yx
ูุง ุชูุณู ููุฏ ุงูุฎุตู๐AM5 ๐ฅ
 ููุตู ุฌููุน ุฃูุญุงุก ุงูููููุฉ 

ุงูุฑูุงุถ ุฌุฏู ุงููุฏููุฉ ููู ุงูุดุฑููุฉ ุงูุทุงุฆู ุฌุงูุฒ ูุตู ุจูุชุฒุง ูุช ูุฌุงูู ูุฑุณูู ูููุฑุณุชูุดู ุงูุจูู ูุฑูู ููุชุงูู ููุจูู https://t.co/uofWm3i4PK",2020-09-25T06:42:51.000Z,ar
1309382593792675840,1091625283583725568,RT @TramaZoul: ุจูุชุฒุง ุงููุงูุชูุฑูุงุช ุงูุณูุฏุงููุฉ ุงูุนุงุฏูุฉ ุฃูุถู ูู ุจูุชุฒุง ูุช ููู ุงููุงูุชูุฑูุงุช ูุงููุทุงุนู ุงูุฏุฎููุฉ. ุฃูุถู ุจูุชุฒุง ูู ุงูุนุงูู ุนุฏูู..,2020-09-25T06:41:52.000Z,ar
1309378495546621952,1309377745361743873,"ูุญุชุงุฌ ููุงุถูุ ุจูุถุ ุฎุจุฒุ ุญููุจ ๐ถ๐ฅ๐ฅซ
ุฌุจุช ูู ููุฏ ุฎุตู ูุฌุงูู๐AM5๐
 ุญูู ุงูุชุทุจูู ูู ุงููุชุฌุฑ
๐
https://t.co/NLenAMpGN4
ูุง ุชูุณู ููุฏ ุงูุฎุตู๐AM5 ๐ฅ
 ููุตู ุฌููุน ุฃูุญุงุก ุงูููููุฉ 

ุงูุฑูุงุถ ุฌุฏู ุงููุฏููุฉ ููู ุงูุดุฑููุฉ ุงูุทุงุฆู ุฌุงูุฒ ูุตู ุจูุชุฒุง ูุช ูุฌุงูู ูุฑุณูู ูููุฑุณุชูุดู ุงูุจูู ูุฑูู ููุชุงูู ููุจูู https://t.co/9RckbSO2az",2020-09-25T06:25:35.000Z,ar
1309367739119738880,1245726984,ุงูุด ุชููู ูู ุงูููู ูููุณู ูู ุจูุชุฒุง ูุช ุณ ูฉ:ูคูข๐๐,2020-09-25T05:42:50.000Z,ar
1309366864359886848,2367796013,@Ahmed79887805 ูู ุฑุฒ ุจูุจู ุฌุงูุฏ ุจุงูุงูุณ ูุฑูู ุนูุฏ ุงููุงููู ุงูู ุนูู ุงูุจุญูุฑุฉ ุฌูุจ ุจูุชุฒุง ูุช ูุฏุฌุงุฌ ุชูุง ุฌุฑุจู.,2020-09-25T05:39:21.000Z,ar
1309362209353498624,1055773902461460480,"@omar_alkhafaji4 ูู ูู ูุง ุชููู ุงูุนุฌููู ุตุญ ูุณูุงูุชูุง ูุฒุจูุทู ูุงูุตูุต ูุงูุฎุถุงุฑ ูุฑูุด ุจุชุทูุน ุฒุงููู

ุจุณ ููุงู ุจุญุจ ุงูููุง ูู ุจุฑุง ุชุญุฏูุฏุงู ุจูุชุฒุง ูุช",2020-09-25T05:20:52.000Z,ar
1309279276538224641,862649766,"@jrhanafy ูุงู! 
ุฎูุตุงูุฉ ูข ููุงูุฑ ูขููขูก ููููู ุณูุง ูู ุจูุชุฒุง ูุช ุงููุนุงุฏู ุงูุง ู ุงูุชู ุงูุตุจุญ ุจุฏุฑู ูุญุชูู",2020-09-24T23:51:19.000Z,ar
1309278089940209664,1258159736752611330,#ุจูุชุฒุง #ุจูุชุฒุง_ูุช ุจุนุฌููุฉ ุฑุงุฆุนุฉ ุจุฏูู ุฏูู ูุญุดูุฉ ูุฐูุฐุฉ ุฌุฏุง https://t.co/4tGGGToI7J,2020-09-24T23:46:36.000Z,ar
1309270230124896256,1251897765669605376,#ูููุฑุณุชูุดู #ููุฏ_ุฎุตู #ูุทุนู #ูุงู #ูุฑูู #ุจูุชุฒุง_ูุช ุงูู ุทูุจ ูู ูุฎุตู ูู ูขู ุงูู ูฅู ุฑูุงู ๐ #ููุฏ ( DT2B4Y ) DT2B4Y DT2B4Y,2020-09-24T23:15:22.000Z,ar
1309266426277044224,235093879,RT @TramaZoul: ุจูุชุฒุง ุงููุงูุชูุฑูุงุช ุงูุณูุฏุงููุฉ ุงูุนุงุฏูุฉ ุฃูุถู ูู ุจูุชุฒุง ูุช ููู ุงููุงูุชูุฑูุงุช ูุงููุทุงุนู ุงูุฏุฎููุฉ. ุฃูุถู ุจูุชุฒุง ูู ุงูุนุงูู ุนุฏูู..,2020-09-24T23:00:15.000Z,ar
1309260168371359744,1188840189449379842,RT @TramaZoul: ุจูุชุฒุง ุงููุงูุชูุฑูุงุช ุงูุณูุฏุงููุฉ ุงูุนุงุฏูุฉ ุฃูุถู ูู ุจูุชุฒุง ูุช ููู ุงููุงูุชูุฑูุงุช ูุงููุทุงุนู ุงูุฏุฎููุฉ. ุฃูุถู ุจูุชุฒุง ูู ุงูุนุงูู ุนุฏูู..,2020-09-24T22:35:23.000Z,ar
1309257856974286848,181013517,ููุง ุชุทูุจ ูู ุจุงุจุง ุฌููุฒ ุจูุชุฒุง ูุชุฏู ุนูู ุจูุชุฒุง ูุช ุชุทูุจ ุฌูุงูุญ + ุจุทุงุท ูุงุฐู ูู ุงุนูู ูุฑุงุญู ุงูุชุตุงูุญ ูุน ุงูููุณ,2020-09-24T22:26:12.000Z,ar
1309249097493250048,2899682005,ูุงููู ุจุงูุฃุญุณุง ุจููููุฒ ุนููููู ุงุฐุง ุจุชุนุฑููุง ุดูุก ูุทุนู ูุชุฎุตุต ุจุงูุจูุชุฒุง ูู ุฏูููููุฒ ุจูุชุฒุง ูุช ูุฃ,2020-09-24T21:51:24.000Z,ar
1309242310517981185,4061242872,@NouraAlMassad ุจูุชุฒุง ูุช ุทุจุนุงู ๐๐,2020-09-24T21:24:26.000Z,ar
1309240575036731393,1233854884383985666,@meshael_mr ุจูุชุฒุง ูุช,2020-09-24T21:17:32.000Z,ar
1309238154034020357,1309229113052463104,"ูุญุชุงุฌ ููุงุถูุ ุจูุถุ ุฎุจุฒุ ุญููุจ ๐ถ๐ฅ๐ฅซ
ุฌุจุช ูู ููุฏ ุฎุตู ูุฌุงูู๐AM5๐
 ุญูู ุงูุชุทุจูู ูู ุงููุชุฌุฑ
๐
https://t.co/LxlQ63TSfx
ูุง ุชูุณู ููุฏ ุงูุฎุตู๐AM5๐ฅ
 ููุตู ุฌููุน ุฃูุญุงุก ุงูููููุฉ 

ุงูุฑูุงุถ ุฌุฏู ุงููุฏููุฉ ููู ุงูุดุฑููุฉ ุงูุทุงุฆู ุฌุงูุฒ ูุตู ุจูุชุฒุง ูุช ูุฌุงูู ูุฑุณูู ูููุฑุณุชูุดู ุงูุจูู ูุฑูู ููุชุงูู ููุจูู https://t.co/UmzWyGSAo4",2020-09-24T21:07:55.000Z,ar
1309237829785055232,1307412672795860992,"ูุญุชุงุฌ ููุงุถูุ ุจูุถุ ุฎุจุฒุ ุญููุจ ๐ถ๐ฅ๐ฅซ
ุฌุจุช ูู ููุฏ ุฎุตู ูุฌุงูู๐Mo11๐
 ุญูู ุงูุชุทุจูู ูู ุงููุชุฌุฑ
๐
https://t.co/Cv1JUhXoku
ูุง ุชูุณู ููุฏ ุงูุฎุตู๐Mo11 ๐ฅ
 ููุตู ุฌููุน ุฃูุญุงุก ุงูููููุฉ 

ุงูุฑูุงุถ ุฌุฏู ุงููุฏููุฉ ููู ุงูุดุฑููุฉ ุงูุทุงุฆู ุฌุงูุฒ ูุตู ุจูุชุฒุง ูุช ูุฌุงูู ูุฑุณูู ูููุฑุณุชูุดู ุงูุจูู ูุฑูู ููุชุงูู ููุจูู ูุฑุณูู https://t.co/MDCYXNjWc5",2020-09-24T21:06:37.000Z,ar
1309237720154333185,2610215515,RT @TramaZoul: ุจูุชุฒุง ุงููุงูุชูุฑูุงุช ุงูุณูุฏุงููุฉ ุงูุนุงุฏูุฉ ุฃูุถู ูู ุจูุชุฒุง ูุช ููู ุงููุงูุชูุฑูุงุช ูุงููุทุงุนู ุงูุฏุฎููุฉ. ุฃูุถู ุจูุชุฒุง ูู ุงูุนุงูู ุนุฏูู..,2020-09-24T21:06:11.000Z,ar
1309235531537096711,1248381141515751424,ููู ุฑูู ูุฏู ุนูู ูู ุงูุธูุฑ ููุงุฑุฏูุช ูุงูู ุฎูู ุงุณุชุฌูุนุช ุทุงูุชู ูุฑุฏูุช ุนููู ุทูุน ุงุนูุงู ุจูุชุฒุง ูุช ุงููู ูุฎุฑุดูู ุงุญุณุจ ุฌุงูุง ูุตู @pizzahut,2020-09-24T20:57:29.000Z,ar
1309233702883467265,868057290951340032,RT @TramaZoul: ุจูุชุฒุง ุงููุงูุชูุฑูุงุช ุงูุณูุฏุงููุฉ ุงูุนุงุฏูุฉ ุฃูุถู ูู ุจูุชุฒุง ูุช ููู ุงููุงูุชูุฑูุงุช ูุงููุทุงุนู ุงูุฏุฎููุฉ. ุฃูุถู ุจูุชุฒุง ูู ุงูุนุงูู ุนุฏูู..,2020-09-24T20:50:13.000Z,ar
1309232451756191746,1251897765669605376,ูููุฑุณุชูุดู #ููุฏ_ุฎุตู #ูุทุนู #ูุงู #ูุฑูู #ุจูุชุฒุง_ูุช ุงูู ุทูุจ ูู ูุฎุตู ูู ูขู ุงูู ูฅู ุฑูุงู DT2B4Y DT2B4Y DT2B4Y,2020-09-24T20:45:15.000Z,ar
1309230481150554115,860391971038408704,ู ุงูุถู ูู ุจูุชุฒุง ูุช ููู ุงู ุงุฒุจุท ูู ุงูุจุงูููู ูุญุชู ูู ูุตุฑ ูุฏุง https://t.co/7DH1jyMkHX,2020-09-24T20:37:25.000Z,ar
1309228278817992714,1309218746406514689,"ูุญุชุงุฌ ููุงุถูุ ุจูุถุ ุฎุจุฒุ ุญููุจ ๐ถ๐ฅ๐ฅซ
ุฌุจุช ูู ููุฏ ุฎุตู ูุฌุงููโAM5
 ุญูู ุงูุชุทุจูู ูู ุงููุชุฌุฑ
๐
https://t.co/LeUXx4qkaL
ูุง ุชูุณู ููุฏ ุงูุฎุตู ๐ฅ(AM5 ) 
 ููุตู ุฌููุน ุฃูุญุงุก ุงูููููุฉ ๐ธ๐ฆ

ุงูุฑูุงุถ ุฌุฏู ุงููุฏููุฉ ููู ุงูุดุฑููุฉ ุงูุทุงุฆู ุฌุงูุฒ ูุตู ุจูุชุฒุง ูุช ูุฌุงูู ูุฑุณูู ูููุฑุณุชูุดู ุงูุจูู https://t.co/5HkBQdYF6t",2020-09-24T20:28:40.000Z,ar
1309227878886903822,1309218746406514689,"ูุญุชุงุฌ ููุงุถูุ ุจูุถุ ุฎุจุฒุ ุญููุจ ๐ถ๐ฅ๐ฅซ
ุฌุจุช ูู ููุฏ ุฎุตู ูุฌุงููโAM5
 ุญูู ุงูุชุทุจูู ูู ุงููุชุฌุฑ
๐
https://t.co/LeUXx4qkaL
ูุง ุชูุณู ููุฏ ุงูุฎุตู ๐ฅ(AM5) 
 ููุตู ุฌููุน ุฃูุญุงุก ุงูููููุฉ ๐ธ๐ฆ

ุงูุฑูุงุถ ุฌุฏู ุงููุฏููุฉ ููู ุงูุดุฑููุฉ ุงูุทุงุฆู ุฌุงูุฒ ูุตู ุจูุชุฒุง ูุช ูุฌุงูู ูุฑุณูู ูููุฑุณุชูุดู ุงูุจูู https://t.co/pTJmaHCX5R",2020-09-24T20:27:05.000Z,ar
1309225244129988612,1108478311225835521,@1shaahad ุจูุชุฒุง ูุช,2020-09-24T20:16:37.000Z,ar
1309225117252308992,1105517413209161729,ุจูุชุฒุง ูุช ุงุนุธู ูุทุนู ุจูุชุฒุง .,2020-09-24T20:16:06.000Z,ar
1309224663034335244,1309170592306917377,"@manaiaaa @AppMrsool ูุญุชุงุฌ ููุงุถูุ ุจูุถุ ุฎุจุฒุ ุญููุจ ๐ถ๐ฅ๐ฅซ
ุฌุจุช ูู ููุฏ ุฎุตู ูุฌุงูAM5
 ุญูู ุงูุชุทุจูู ูู ุงููุชุฌุฑ
๐
https://t.co/9DFL2eG0a9
ูุง ุชูุณู ููุฏ ุงูุฎุตู ๐ฅ(AM5 ) 
 ููุตู ุฌููุน ุฃูุญุงุก ุงูููููุฉ ๐ธ๐ฆ

ุงูุฑูุงุถ ุฌุฏู ุงููุฏููุฉ ููู ุงูุดุฑููุฉ ุงูุทุงุฆู ุฌุงูุฒ ูุตู ุจูุชุฒุง ูุช ูุฌุงูู ูุฑุณูู ูููุฑุณุชูุดู ุงูุจูู https://t.co/VM9u3Br7jO",2020-09-24T20:14:18.000Z,ar
1309224570654609408,1250771119185047553,RT @TramaZoul: ุจูุชุฒุง ุงููุงูุชูุฑูุงุช ุงูุณูุฏุงููุฉ ุงูุนุงุฏูุฉ ุฃูุถู ูู ุจูุชุฒุง ูุช ููู ุงููุงูุชูุฑูุงุช ูุงููุทุงุนู ุงูุฏุฎููุฉ. ุฃูุถู ุจูุชุฒุง ูู ุงูุนุงูู ุนุฏูู..,2020-09-24T20:13:56.000Z,ar
1309220593418596353,1309218746406514689,"ูุญุชุงุฌ ููุงุถูุ ุจูุถุ ุฎุจุฒุ ุญููุจ ๐ถ๐ฅ๐ฅซ
ุฌุจุช ูู ููุฏ ุฎุตู ูุฌุงููโAM5
 ุญูู ุงูุชุทุจูู ูู ุงููุชุฌุฑ
๐
https://t.co/LeUXx4qkaL
ูุง ุชูุณู ููุฏ ุงูุฎุตู ๐ฅ(AM5 ) 
 ููุตู ุฌููุน ุฃูุญุงุก ุงูููููุฉ ๐ธ๐ฆ

ุงูุฑูุงุถ ุฌุฏู ุงููุฏููุฉ ููู ุงูุดุฑููุฉ ุงูุทุงุฆู ุฌุงูุฒ ูุตู ุจูุชุฒุง ูุช ูุฌุงูู ูุฑุณูู ูููุฑุณุชูุดู https://t.co/astLShmXxm",2020-09-24T19:58:08.000Z,ar
1309214667945005056,474894330,@AlMhaM7md73 ุจูุชุฒุง ูุช ูุงู ูุทูุจ ุณุงุนุชูู ๐,2020-09-24T19:34:35.000Z,ar
1309214545907511296,262061244,@Loljaa ูููุชูู ุฌุงูุจูู. ุงููุช ูุงุญุฏุฉ ูุนุงูุฒุฉ ุงูุชุญุฑ. ูุฌุงูุจูู ุจูุชุฒุง ูุช ุชูุฑู. ูุงูููุงุด ููุทุฉ ุตูุต ุงุญูุฑ. ูุนูู ูุงููุฑูุฒ ุนููุงุถู,2020-09-24T19:34:06.000Z,ar
1309214416710361089,1309212844064464910,"@tFve3XkGwubJazF @mrmandoobapp ูุญุชุงุฌ ููุงุถูุ ุจูุถุ ุฎุจุฒุ ุญููุจ ๐ถ๐ฅ๐ฅซ
ุฌุจุช ูู ููุฏ ุฎุตู ูุฌุงููโMo11
 ุญูู ุงูุชุทุจูู ูู ุงููุชุฌุฑ
๐
https://t.co/gAmVP102JS
ูุง ุชูุณู ููุฏ ุงูุฎุตู ๐ฅ(AM5) 
 ููุตู ุฌููุน ุฃูุญุงุก ุงูููููุฉ ๐ธ๐ฆ

ุงูุฑูุงุถ ุฌุฏู ุงููุฏููุฉ ููู ุงูุดุฑููุฉ ุงูุทุงุฆู ุฌุงูุฒ ูุตู ุจูุชุฒุง ูุช ูุฌุงูู ูุฑุณูู ูููุฑุณุชูุดู ุงูุจูู https://t.co/enPAnXXEUk",2020-09-24T19:33:35.000Z,ar
1309213790093877248,1159718953,"@hunger_care ุชู ุทูุจ ุจูุชุฒุง ูู ุจูุชุฒุง ูุช ูุฏูุนุช ุงููุจูุบ ุนู ุทุฑูู ุงูุจุทุงูุฉ 
ูุงุชุตู ุจู ุงููุทุนู ูููุฏูู ุจุชุนุฐุฑ ุชุฌููุฒ ุงูุทูุจ ุจุณุจุจ ุนุทู ูู ุงููุฑู 
ุงุฑูุฏ ุงุณุชุฑุฏุงุฏ ุงููุจูุบ",2020-09-24T19:31:06.000Z,ar
1309211274383953920,785171927858089984,@AL766m ุจูุชุฒุง ูุช ูุจูุจุณู ..,2020-09-24T19:21:06.000Z,ar
1309205907105107968,36755338,RT @TramaZoul: ุจูุชุฒุง ุงููุงูุชูุฑูุงุช ุงูุณูุฏุงููุฉ ุงูุนุงุฏูุฉ ุฃูุถู ูู ุจูุชุฒุง ูุช ููู ุงููุงูุชูุฑูุงุช ูุงููุทุงุนู ุงูุฏุฎููุฉ. ุฃูุถู ุจูุชุฒุง ูู ุงูุนุงูู ุนุฏูู..,2020-09-24T18:59:46.000Z,ar
1309200831716167680,584546535,ููู ูุจู ุจูุชุฒุง ูุช ูุฌู ูุนู,2020-09-24T18:39:36.000Z,ar
1309194196830564353,1362801061,"ุนุฑูุถ ุงูููู ุงููุทูู 90 : ุนุฑูุถ ูุทุนู ุจูุชุฒุง ูุช ุนูู 2 ุจูุชุฒุง ูุจูุฑ ุจู 90 ุฑูุงู
ุฑุงุจุท ุงูุนุฑุถ : https://t.co/RyV7znZlx3
#ููุฏ_ุฎุตู_ุงููุฑุจ : AXR6246
#ุงูููู_ุงููุทูู_ุงูุณุนูุฏู_90 #ุงูููู_ุงููุทูู #ุงูููู_ุงููุทูููฉู https://t.co/WQ3RIfuRLu",2020-09-24T18:13:14.000Z,ar
1309191257080705025,1308883956272689156,"ูุญุชุงุฌ ููุงุถูุ ุจูุถุ ุฎุจุฒุ ุญููุจ ๐ถ๐ฅ๐ฅซ
ุฌุจุช ูู ููุฏ ุฎุตู ูุฌุงููโE33 
 ุญูู ุงูุชุทุจูู ูู ุงููุชุฌุฑ
๐
https://t.co/Au36IVtaMi
ูุง ุชูุณู ููุฏ ุงูุฎุตู ๐ฅ(MRN ) 
 ููุตู ุฌููุน ุฃูุญุงุก ุงูููููุฉ ๐ธ๐ฆ
ุฌุงูุฒ ูุตู ุจูุชุฒุง ูุช ูุฌุงูู ูุฑุณูู ูููุฑุณุชูุดู ุงูุจูู ูุฑูู ููุชุงูู ููุจูู ุฎุตู #ุฌูุนุฉ_ุงูุบุถุจ_25_ุณุจุชูุจุฑ https://t.co/2l3DeZBeHI",2020-09-24T18:01:33.000Z,ar
1309171873226412037,1309170592306917377,"ูุญุชุงุฌ ููุงุถูุ ุจูุถุ ุฎุจุฒุ ุญููุจ ๐ถ๐ฅ๐ฅซ
ุฌุจุช ูู ููุฏ ุฎุตู ูุฌุงููโAM5
 ุญูู ุงูุชุทุจูู ูู ุงููุชุฌุฑ
๐
https://t.co/9DFL2eG0a9
ูุง ุชูุณู ููุฏ ุงูุฎุตู ๐ฅ(AM5) 
 ููุตู ุฌููุน ุฃูุญุงุก ุงูููููุฉ ๐ธ๐ฆ

ุงูุฑูุงุถ ุฌุฏู ุงููุฏููุฉ ููู ุงูุดุฑููุฉ ุงูุทุงุฆู ุฌุงูุฒ ูุตู ุจูุชุฒุง ูุช ูุฌุงูู ูุฑุณูู ูููุฑุณุชูุดู ุงูุจูู https://t.co/0SbupaV2Mb",2020-09-24T16:44:32.000Z,ar
1309171696608440325,1308820896069672960,"ูุญุชุงุฌ ููุงุถูุ ุจูุถุ ุฎุจุฒุ ุญููุจ ๐ถ๐ฅ๐ฅซ
ุฌุจุช ูู ููุฏ ุฎุตู ูุฌุงููโMo11
 ุญูู ุงูุชุทุจูู ูู ุงููุชุฌุฑ
๐
https://t.co/MK55bIMWmh
ูุง ุชูุณู ููุฏ ุงูุฎุตู ๐ฅ(se33 ) 
 ููุตู ุฌููุน ุฃูุญุงุก ุงูููููุฉ ๐ธ๐ฆ

ุงูุฑูุงุถ ุฌุฏู ุงููุฏููุฉ ููู ุงูุดุฑููุฉ ุงูุทุงุฆู ุฌุงูุฒ ูุตู ุจูุชุฒุง ูุช ูุฌุงูู ูุฑุณูู ูููุฑุณุชูุดู ุงูุจูู https://t.co/eelBKLJpGe",2020-09-24T16:43:50.000Z,ar
1309171363828072452,1308823526799966208,"ูุญุชุงุฌ ููุงุถูุ ุจูุถุ ุฎุจุฒุ ุญููุจ ๐ถ๐ฅ๐ฅซ
ุฌุจุช ูู ููุฏ ุฎุตู ูุฌุงููโMo11
 ุญูู ุงูุชุทุจูู ูู ุงููุชุฌุฑ
๐
https://t.co/wSzCVXqsOH
ูุง ุชูุณู ููุฏ ุงูุฎุตู ๐ฅ(Mo11) 
 ููุตู ุฌููุน ุฃูุญุงุก ุงูููููุฉ ๐ธ๐ฆ

ุงูุฑูุงุถ ุฌุฏู ุงููุฏููุฉ ููู ุงูุดุฑููุฉ ุงูุทุงุฆู ุฌุงูุฒ ูุตู ุจูุชุฒุง ูุช ูุฌุงูู ูุฑุณูู ูููุฑุณุชูุดู ุงูุจูู  #ุฒูุงุฌ_ุญุจ_ููุง_ูุตูุญู https://t.co/2D3OrNstPO",2020-09-24T16:42:31.000Z,ar
1309158385502359554,1027291521970843648,ุจูุชุฒุง ูุช ๐๐๐๐๐ฝ๐ฅ๐ธ,2020-09-24T15:50:56.000Z,ar
1309156194871906304,147653869,ุงููุงุดูุฑ ุจุชุงุน ุจูุชุฒุง ูุช ุญูุธ ุงูุงูุฑุฏุฑ ุจุชุงุนู ูู ูุชุฑ ูุง ุจูุฑุฑู ๐ญ๐ญ,2020-09-24T15:42:14.000Z,ar
1309142679175991298,381317946,@TramaZoul ูุงู ูู ุจูุชุฒุง ูู ุจุญุฑู ุงุณููุง ุงุจูุฌุงุจุฑุฉ ูุงุนุงุฑูุฉ ุงุณุชู ูู ููุง ูููุช ููู ุงูุณู ุจุงููู ุงุณูุญ ุจูุชุฒุง ูุงูุชูู ูู ุงูุนุงูู ููู ููุง ุจูุชุฒุง ูุช ููุง ุฏูููููุฒ ููุง ุจุชุงุน,2020-09-24T14:48:32.000Z,ar
1309128583953215489,2992418644,ุงุญูู ูู ุจูุชุฒุง ูุช ู ุฑุงุณูู ๐ถ๐ปโโ๏ธ https://t.co/NPI9N4WizU,2020-09-24T13:52:31.000Z,ar
1309123152925122560,4533879101,@roooowy ุงูุง ููุช ุงุดุบู ุจุงูุณูุงุฑุฉ ุงููุญุทุฉ ุงููู ุชุดุบู ุงุบุงูู ุจูุชุฒุง ูุช ๐ค,2020-09-24T13:30:56.000Z,ar
1309121158210564097,989225554393133057,"@DominosKSA ุจูุชุฒุง ุญุฑุงู ุงุฏูุน ูููุง ูขูฉ ุฑูุงู ููู ูุฏ ุฑุงุญุฉ ุงููุฏ  ุงูููุฑูุถ ุณุนุฑูุง ูุง ูุฒูุฏ ุนู ูกู ุฑูุงู 
ูุง ููู ูุซู ุญุฌู ุจูุชุฒุง ูุช  ูุจูุชุฒุง ุงู   ูุงูุซูุงุซ  ุญุจุงุช ูุจูุฑู  ูุจุฑ ุจูุนูู ูููุฉ  ูุจูุฑู ุจุณุนุฑ ูกูู ุฑูุงู  ุนู  ุนุฏุฏ ูกูข ุจูุชุฒุง  ูู  ุจูุชุฒุง ุฏูููููุฒ",2020-09-24T13:23:01.000Z,ar
1309119791702118402,1282407093962670081,@Moh5z @1mo_9 ูุฐู ูููู ููููุฒ ููุณ ุงููู ุชูุจุงุน ูู ุจูุชุฒุง ูุช,2020-09-24T13:17:35.000Z,ar
1309111635173412868,46089922,"#ุนุฑุถ ูู ุจูุชุฒุง ูุช ๐ท
ุจููุงุณุจุฉ #ุงูููู_ุงููุทูู_ุงูุณุนูุฏู90 
2 ุจูุชุฒุง ูุจูุฑ๐
1 ุจุทุงุทุณ ูุฏุฌุฒ๐
8 ูุทุน ุฏุฌุงุฌ๐
ุจู90 ุฑูุงู๐ฅฐ

#ุนุฑูุถ #ุฎุตู #ุฎุตููุงุช #ุชุฎููุถุงุช #ุชูุฒููุงุช #ูุทุงุนู #ุจูุชุฒุง #ุนุฑูุถ_ุงูููู_ุงููุทูู #ุงูููู_ุงููุทูู_ุงูุณุนูุฏู #ุนุฑูุถ_ุชุฑูุช #ุงูุณุนูุฏูุฉ https://t.co/70mQDFb722",2020-09-24T12:45:10.000Z,ar
1309106668794503169,1091459279184412672,@Ma_Fkx ุจูุชุฒุง ูุช,2020-09-24T12:25:26.000Z,ar
1309091271529705480,1109330609405603841,RT @TramaZoul: ุจูุชุฒุง ุงููุงูุชูุฑูุงุช ุงูุณูุฏุงููุฉ ุงูุนุงุฏูุฉ ุฃูุถู ูู ุจูุชุฒุง ูุช ููู ุงููุงูุชูุฑูุงุช ูุงููุทุงุนู ุงูุฏุฎููุฉ. ุฃูุถู ุจูุชุฒุง ูู ุงูุนุงูู ุนุฏูู..,2020-09-24T11:24:15.000Z,ar
1309091123378499584,1112291462241239040,RT @TramaZoul: ุจูุชุฒุง ุงููุงูุชูุฑูุงุช ุงูุณูุฏุงููุฉ ุงูุนุงุฏูุฉ ุฃูุถู ูู ุจูุชุฒุง ูุช ููู ุงููุงูุชูุฑูุงุช ูุงููุทุงุนู ุงูุฏุฎููุฉ. ุฃูุถู ุจูุชุฒุง ูู ุงูุนุงูู ุนุฏูู..,2020-09-24T11:23:40.000Z,ar
1309085348190982152,391065875,@ilfajir ูุฃู ุงูุดุฑูุฉ ุชูุฑูุจุงู ุจุงููุงูู ูุณุนูุฏุฉ ุฎุฑุฌ ุจุนูู ูุธููุ ุจูุชุฒุชูู ูุง ุนูููุง ุงุญุณู ูู ุจูุชุฒุง ูุช ูููููู ูุฏูููููุฒ ุงูุฃูุฐ ูุงูุจุงูู ูุดู ุญุงูู,2020-09-24T11:00:43.000Z,ar
1309081871708565504,705137732872486912,@abdullah_wat ูุชูู &gt; ุจูุชุฒุง ูุช ๐๐๐ https://t.co/3qNsldQgqE,2020-09-24T10:46:54.000Z,ar
1309081312351969280,1468300872,RT @TramaZoul: ุจูุชุฒุง ุงููุงูุชูุฑูุงุช ุงูุณูุฏุงููุฉ ุงูุนุงุฏูุฉ ุฃูุถู ูู ุจูุชุฒุง ูุช ููู ุงููุงูุชูุฑูุงุช ูุงููุทุงุนู ุงูุฏุฎููุฉ. ุฃูุถู ุจูุชุฒุง ูู ุงูุนุงูู ุนุฏูู..,2020-09-24T10:44:41.000Z,ar
1309081082713772032,1631209508,ุจูุชุฒุง ุงููุงูุชูุฑูุงุช ุงูุณูุฏุงููุฉ ุงูุนุงุฏูุฉ ุฃูุถู ูู ุจูุชุฒุง ูุช ููู ุงููุงูุชูุฑูุงุช ูุงููุทุงุนู ุงูุฏุฎููุฉ. ุฃูุถู ุจูุชุฒุง ูู ุงูุนุงูู ุนุฏูู..,2020-09-24T10:43:46.000Z,ar
1309058550082174977,1252065152784125952,@Starfireyuhh ุงู ุดู ุงูุง ุจูุชุฒุง ูุช,2020-09-24T09:14:14.000Z,ar
1309037612968148997,1251897765669605376,ูููุฑุณุชูุดู #ููุฏ_ุฎุตู #ูุทุนู #ูุงู #ูุฑูู #ุจูุชุฒุง_ูุช ุงูู ุทูุจ ูู ูุฎุตู ูู ูขู ุงูู ูฅู ุฑูุงู DT2B4Y DT2B4Y DT2B4Y,2020-09-24T07:51:02.000Z,ar
1308910354207047680,1511272501,@fatomia7 ุญุจูุจ ููุจู ุจูุชุฒุง ูุช,2020-09-23T23:25:21.000Z,ar
1308907822365708299,1251897765669605376,#ูููุฑุณุชูุดู #ููุฏ_ุฎุตู #ูุทุนู #ูุงู #ูุฑูู #ุจูุชุฒุง_ูุช ุงูู ุทูุจ ูู ูุฎุตู ูู ูขู ุงูู ูฅู ุฑูุงู ๐ #ููุฏ ( DT2B4Y ) DT2B4Y DT2B4Y,2020-09-23T23:15:17.000Z,ar
1308850926682279936,3151879010,"ุดูู ุงุณุชูุฏุชูุง ููู ูู ุนุฑูุถ ุงูููู ุงููุทููุ

ุฃูุง ูู ุนุฑุถ @rashm_ksa
ูุนุฑุถ ุนุดุงุก ูู ุจูุชุฒุง ูุช ๐๐ปโโ๏ธ",2020-09-23T19:29:12.000Z,ar
1308850331313483776,1172565628433117184,"ุนุฑูุถ ุจูุชุฒุง ูุช ุจููุงุณุจุฉ #ุงูููู_ุงููุทูู_ุงูุณุนูุฏู_90 

@PizzaHut_Saudi https://t.co/COUroN9Glg",2020-09-23T19:26:50.000Z,ar
1308849324101693440,1295396362746580993,@CallMeBDR ุจูุชุฒุง ูุช,2020-09-23T19:22:50.000Z,ar
1308842204639657984,1177246745249665024,@N10Sarh ูุฌุจุฉ ูู ุจูุชุฒุง ูุช,2020-09-23T18:54:33.000Z,ar
1308841623414026242,1288166726216159232,@TASHREEBAA ๐๐ ุชููู ุทุงูุจ ุจูุชุฒุง ูุช ูุงุทุฑู ููุตู,2020-09-23T18:52:14.000Z,ar
1308829483345096707,1272792822136090624,ุชุจุงุงุงุงุงูู ุงูุฑ ุจูุชุฒุง ูุช https://t.co/75MlfhZiDJ,2020-09-23T18:04:00.000Z,ar
1308780350139752450,706995104,@munr__ ูุณูุฑ ูุงุฎุฐ ุจูุชุฒุง ูุชุ,2020-09-23T14:48:46.000Z,ar
1308779661854486528,1285600011200475136,@ElBanna ุฏุงู ููุง ุงูู ุชุนููู ุจูุชุฒุง ู ุงูุจูุช ุงูุง ุณุงุณู ุฏุงู ููุง ุชููู ุนุงุฒู ุงูุญุชู ุจุชุงุนุชู ุน ุจูุชุฒุง ูุช ๐๐,2020-09-23T14:46:01.000Z,ar
1308775295898574849,1168014193934721024,ููุช ูู ุงูุงูุงู ุฎุถุฑุงุก ูุงู ูู ููู ุงุดุชุฑูุช ุจูุชุฒุง ูุช,2020-09-23T14:28:41.000Z,ar
1308773311661379585,1308418793534877699,"RT @PizzaHut_Saudi: ุนุฑุถูุง ูุงูู ูุซูู!  ูู  ุจูุชุฒุง ูุช ุจููุงุณุจุฉ #ุงูููู_ุงููุทูู_ุงูุณุนูุฏู90 .. ุฏุงู ุนุฒู ูุง ูุทู
#ุนุฑุถ_ุงูููู_ุงููุทูู https://t.co/IG00C2uโฆ",2020-09-23T14:20:47.000Z,ar
1308758319117500417,470467084,@AMohanned @DominosKSA ูู ูุฏููุฉ ุงู ูุฏููุชูู ูููููุง ูุฎุชูู ูู ูุงุญุฏ ..ููุณ ุงูุดู ุจูุชุฒุง ูุช ู ูุงุฑุฏูุฒ ุงูุนุฑุถ ุงููู ูู ุงูุบุฑุจูุฉ ูุงุชููุงู ูู ุงูุฌููุจ,2020-09-23T13:21:13.000Z,ar
1308749975900299264,1308616103661318145,"RT @PizzaHut_Saudi: ุนุฑุถูุง ูุงูู ูุซูู!  ูู  ุจูุชุฒุง ูุช ุจููุงุณุจุฉ #ุงูููู_ุงููุทูู_ุงูุณุนูุฏู90 .. ุฏุงู ุนุฒู ูุง ูุทู
#ุนุฑุถ_ุงูููู_ุงููุทูู https://t.co/IG00C2uโฆ",2020-09-23T12:48:04.000Z,ar
1308748726211674112,2230962280,@PizzaHut_Saudi ูุงูุจูุชุฒุง ูู ุฌุฏุฉ ุงุทูู ูู ุงู ูุฏููุฉ ุซุงููุฉ ูู ุงูููููุงุช ุชููู ุงูุนูู  ุชุงุฎุฐ ุงูุทูุจ ููุณ ุงูุตูุฑุฉ ูุงุญูู ูุงูุตุฑุงุญุฉ ุฌูุช ุงูุฑูุงุถ ุทูุจุช ูุฑุชูู ูู ูุทุนููู ูุฎุชูููู ูู ุจูุชุฒุง ูุช  ุญุงุทุทูู ุงูุฌุจูุฉ ุดุญุชู  ูุงููู ูุง ูุดุจู ุงูุตูุฑุฉ ูููู ุฐุง ุตูุฑุฉ ุงููุฏ ูุง ูุทูุน ููุณู ููููููู ุฌุฏุฉ ุบูุฑ,2020-09-23T12:43:06.000Z,ar
1308746633325293569,396276926,@LEOO2524 ุฑุฏูุช ุงููููู ููุง ุงุนุฒููู ุน ุจูุชุฒุง ูุช ๐๐,2020-09-23T12:34:47.000Z,ar
1308741918042591237,338377979,@askmakkah30 ุงููุฒูู ุนูุฏ ุจูุชุฒุง ูุช,2020-09-23T12:16:03.000Z,ar
1308740928413237250,736016799028916225,@A_Mo7meed ูููููููููููููููููู ุชุฐูุฑุช ููุฏูู ุนุจุฏุงูุนุฒูุฒ ุงูุดูุฑู ููู ูุฑูุญ ุจูุชุฒุง ูุช ู ูุณููู ุนุฑุถ ุงุทูุจ ุจูุชุฒุง ู ุงุญุตู ุนุงูุซุงูู ุจุฑูุงู ูุงุญุฏ ุ ู ูุฑูุญ ุนูุฏูู ูููู ุงุจุบุง ุงู ุฑูุงู ุจุณ ููููููููููููููููููู,2020-09-23T12:12:07.000Z,ar
1308734173830615042,1251897765669605376,ูููุฑุณุชูุดู #ููุฏ_ุฎุตู #ูุทุนู #ูุงู #ูุฑูู #ุจูุชุฒุง_ูุช ุงูู ุทูุจ ูู ูุฎุตู ูู ูขู ุงูู ูฅู ุฑูุงู DT2B4Y DT2B4Y DT2B4Y,2020-09-23T11:45:16.000Z,ar
1308719364678578176,214161687,@ipellmot ูุงู ุจูุชุฒุง ูุช ุฌุฏุฉ ุบูุฑ ุนู ุจุงูู ุงููุฑูุน ููุง ููุงูุฉ ุฎุงุตุฉ ูููุง ููููู ูุนุฑูุถ ููู ุดู ุบูุฑ ุนู ุงูุจุงูู ๐ถ๐ปโโ๏ธ,2020-09-23T10:46:26.000Z,ar
1308697854848970752,2394228261,ุนุฑุถ ุจูุชุฒุง ูุช https://t.co/a1PALrzzpA,2020-09-23T09:20:57.000Z,ar
1308694961160884229,1057619655039295491,"RT @PizzaHut_Saudi: ุนุฑุถูุง ูุงูู ูุซูู!  ูู  ุจูุชุฒุง ูุช ุจููุงุณุจุฉ #ุงูููู_ุงููุทูู_ุงูุณุนูุฏู90 .. ุฏุงู ุนุฒู ูุง ูุทู
#ุนุฑุถ_ุงูููู_ุงููุทูู https://t.co/IG00C2uโฆ",2020-09-23T09:09:27.000Z,ar
1308693592895098880,1199709357077934080,ุญุณุจู ุงููู ุตุญููู ุจูุชุฒุง ูุช ๐ญ๐ญ๐ญ,2020-09-23T09:04:01.000Z,ar
1308624876593438720,1239159749612109824,@PizzaHut_Saudi ุงุชููุน ุงููุง ูุงูุช ูุจู ุงูุนุฑุถ ุจ ูงูฉ๐ค๐ค ูุง ุงุฏุงุฑุฉ ุจูุชุฒุง ูุช ูุงุฒู ุชุชุบูุฑูุง ูู ุงูุชุณููู ููู ุงูุงููุงุน ููู ุงูุงุณุนุงุฑ ููุงุฑุฑุงุญ ุชููููุง ูุจูุฃุฎุฐ ููุงูุนูู ุฏููููุฒ ููุงูุณุชุฑู ๐ค๐ค,2020-09-23T04:30:58.000Z,ar
1308602832778600450,1307134069260652545,@itcxr ุจูุชุฒุง ูุช,2020-09-23T03:03:22.000Z,ar
1308585796258213888,1289564676901273601,@k7aix ุจูุชุฒุง ูุช ๐๐ป๐๐๐ป,2020-09-23T01:55:40.000Z,ar
1308580545824272390,1299307559459983361,ููุนู ุจูุชุฒุง ูุช,2020-09-23T01:34:49.000Z,ar
1308561603223265287,3420347723,@petersafwat27 ูุด ุงูุดูู ุจุณ ู ุญุจูุจู ๐คฃ ูุงููู ูุงูุทุนู ุญูุงูุฉ ุจูุชุฒุง ูุช ูุงุฏ ๐๐ฅณ๐๐๐,2020-09-23T00:19:32.000Z,ar
1308552973543444480,1251897765669605376,ูููุฑุณุชูุดู #ููุฏ_ุฎุตู #ูุทุนู #ูุงู #ูุฑูู #ุจูุชุฒุง_ูุช ุงูู ุทูุจ ูู ูุฎุตู ูู ูขู ุงูู ูฅู ุฑูุงู DT2B4Y DT2B4Y DT2B4Y,2020-09-22T23:45:15.000Z,ar
1308552136939143168,1220484463555117058,ููุด ูุง ุจูุชุฒุง ูุช ๐๐๐ถ๐ปโโ๏ธ,2020-09-22T23:41:55.000Z,ar
1308545469715488768,1251897765669605376,#ูููุฑุณุชูุดู #ููุฏ_ุฎุตู #ูุทุนู #ูุงู #ูุฑูู #ุจูุชุฒุง_ูุช ุงูู ุทูุจ ูู ูุฎุตู ูู ูขู ุงูู ูฅู ุฑูุงู ๐ #ููุฏ ( DT2B4Y ) DT2B4Y DT2B4Y,2020-09-22T23:15:26.000Z,ar
1308536259313315843,1161247466374803456,ุทูุจุช ุฃูุฑุฏุฑ ูู ุจูุชุฒุง ูุช ุนุจุงุฑุฉ ุนู 2 ุณูุทุฉ ูุงุฑุฌ (ูุนูุฏููุด ุบูุฑ ุจูููู ุณูุทุงุช ูููุณ ููุงูุฑู ูููุฌุฒ ุจุณ) ููุนุดุง ุงูููุงุฑุฏุฉ ูุจูุฑุฉ ูุณูุนุชู ูู ุงูููุงู ุงุนุชูุฏ ุงุชุถุฑุจุช ุชูุงููุง ูุจูุชุฑูููุง ุนููุง ููุณููููู ุฅุณูุงู ูููุซู ููุง ุญุงุฌุฉ ุจุณ ูุนูุด ููุฑุซ ุฅูุช.,2020-09-22T22:38:50.000Z,ar
1308535754730110976,1306575714322460672,"RT @PizzaHut_Saudi: ุนุฑุถูุง ูุงูู ูุซูู!  ูู  ุจูุชุฒุง ูุช ุจููุงุณุจุฉ #ุงูููู_ุงููุทูู_ุงูุณุนูุฏู90 .. ุฏุงู ุนุฒู ูุง ูุทู
#ุนุฑุถ_ุงูููู_ุงููุทูู https://t.co/IG00C2uโฆ",2020-09-22T22:36:50.000Z,ar
1308506267204366336,782149968643645444,ุฏูููููุฒ ุจูุชุฒุง ุชุงุฌ ุฑุงุณ ุจูุชุฒุง ูุช,2020-09-22T20:39:39.000Z,ar
1308503749976117251,860735788992143361,@HadeelTalal_ ููุช ููุฒู ุงุจูููุดู ุจูุชุฒุง ูุช ุนุดุงู ุงููุฑ ููู ุงูุซูุงุซุงุก ููู ูุฑุฉ ุจุจุนุชูู ููููููุดู ูุง ุจุฎูุจู ุจุงูุขุฎุฑ ูุญูุชู,2020-09-22T20:29:39.000Z,ar
1308501354776801283,1410330060,@hunger_care ูู ุณูุญุชู ุชู ุงูุทูุจ ุจูุชุฒุง ูุช ูู ูููุน ู ุชุบูุฑ ู ูููุช ุงูููุฏูุจ ู ุฑูุถ ููุตูู ู ุฎุฏูุฉ ุงูุนููุงุก ูุง ูุชุฌุงูุจูู ูุนูุง ุฑุฌุนู ูุจูุบ ูขูฃูก ุฑูุงู !!,2020-09-22T20:20:08.000Z,ar
1308499881816928258,1217082178145792000,@iiezv_ ุจูุชุฒุง ูุช ุฒู ุญูุช ุงูุจูุช,2020-09-22T20:14:17.000Z,ar
1308493598804135936,479785840,"#ุนุฑุถ_ุงูููู_ุงููุทูู
ุงูู ุงูุบูู ุงูุชู ุชุฌุงุฑ ูุซููู ูุซู ุจูุชุฒุง ูุช ูููุชุงูู ููุฑูู ูุงูุดูู ุงููู ุนุฑูุถูู ุฎุณุงุฑู ูููู ุฏุฌุงุฌ ุงูุง ุงูุชู ุบูู

ูุนูู ุณูู ุนุฑูุถ ุน ุบูููู ูุงููุชู
ุฐุจูุญู ุจ ูฉู ุฑูุงู ูุณุชุงูู ุงููุทู ุงู ุนูุฏูู ูุธุฑู ุงุฎุฑู

๐๐๐๐๐๐",2020-09-22T19:49:19.000Z,ar
1308488933316210691,1296454592167907328,ุฏุงููู ู ุจูุชุฒุง ูุช ู ุฌุงู ูููู ุนูุฏูู ุนุฑูุถ,2020-09-22T19:30:46.000Z,ar
1308482204645892098,1261027802259783681,"@PizzaHut_Saudi ููู ุงูุนุฑุถ ูุง ุจูุชุฒุง ูุช 
2 ุจูุชุฒุง ูุจูุฑ ุณุนุฑูู 60 ุฑูุงู
ุงูุจุทุงุท 10 ุฑูุงู
ูุทุน ุงูุฏุฌุงุฌ 15 ุฑูุงู 
ุงูุงุฌูุงูู 85 ุฑูุงู 
ูุงูุชู ุญุงุทูู ุงูุนุฑุถ 90 ุฑูุงู 
ูุนูู ุงุบูู ูู ุงูุงูุงู ุงูุนุงุฏูู
ุตุญูุญ ููุง ูุงูู ุงู ูู ุชุณุชุญู ูุงุตูุน ูุง ุดุฆุช",2020-09-22T19:04:02.000Z,ar
1308482074052096001,1261027802259783681,"@RUH_Restaurants @PizzaHut_Saudi ููู ุงูุนุฑุถ ูุง ุจูุชุฒุง ูุช 
2 ุจูุชุฒุง ูุจูุฑ ุณุนุฑูู 60 ุฑูุงู
ุงูุจุทุงุท 10 ุฑูุงู
ูุทุน ุงูุฏุฌุงุฌ 15 ุฑูุงู 
ุงูุงุฌูุงูู 85 ุฑูุงู 
ูุงูุชู ุญุงุทูู ุงูุนุฑุถ 90 ุฑูุงู 
ูุนูู ุงุบูู ูู ุงูุงูุงู ุงูุนุงุฏูู
ุตุญูุญ ููุง ูุงูู ุงู ูู ุชุณุชุญู ูุงุตูุน ูุง ุดุฆุช",2020-09-22T19:03:31.000Z,ar
1308470435894513672,100599478,ูุดุชูู ุตูููุฉ ุณูุจุฑ ุณุจุฑูู ูู ุจูุชุฒุง ูุช. ุงููููู ููุด ุจุทููุง ูุณููู ุตููู.,2020-09-22T18:17:16.000Z,ar
1308469482445254659,454048039,"ูุจูู ุฌูู ูุงูุง ุงูุดู ๐ถ๐ปโโ๏ธ๐๐คฆ๐ปโโ๏ธ๐ต
#getbusy
#havefun

ุงุดูุฑ sean paul ุนูู ุงุบุงููู ุงูุนุฌูุจู
ู ุจูุชุฒุง ูุช ุนูู ุนุฑูุถูู ุงููู ูุง ุชูุตููู ุงูุง ููุง ุงูุชูุน ุงุณูู ุฑูุงุถู",2020-09-22T18:13:29.000Z,ar
1308465249805271051,158068920,ูุนุฑูุฉ ุฑูู ุจูุชุฒุง ูุช ุงููููุช ุงูููุญุฏ ุฃุดูุฑ ุงููุทุงุนู ููยุงูุนุงูู https://t.co/GGDop8u3wC,2020-09-22T17:56:40.000Z,ar
1308452163719516165,898987946090655745,@zz_7ii ุจูุชุฒุง ูุช ุนูุฏูู ุนุฑูุถ,2020-09-22T17:04:40.000Z,ar
1308450644441919488,420144846,@DrSalehAlenzi ูุต ุนูู ุงุจููุณ ูุทูุจุช ุจูุชุฒุง ูุช ๐,2020-09-22T16:58:38.000Z,ar
1310701523303792647,997408633028825088,"@PizzaHutME 1/3 You take my money, send me an order confirmation and then WITHOUT NOTIFYING me you cancel my order and then your ""CUSTOMER SERVICE MANAGER "" MAHMOUD tells me that PizzaHut has NOT received my money...",2020-09-28T22:02:49.000Z,en
1310478842461589504,1555297166,"@PizzaHutME it has been 3 days since I ordered pizza, Still waiting, 2020 truly disappointing https://t.co/lO4AKgyYCH",2020-09-28T07:17:58.000Z,en
1309922131707334663,88913725,@pizzahutme @rhonnemangahas @mangahasmye26 ๐๐๐ ๐คค๐คค๐คค #Pizzahut #pizzalover #Birthdaymonth #birthdaycelebration #Dubai #mYDubai #UAE #Foodlover #foodstagram #instafood #Foodislife @ Mayfair Hotel Rigga https://t.co/gUFMNYcL5U,2020-09-26T18:25:48.000Z,en
1309537666430627840,1555297166,@PizzaHutME ordered pizza waited 3 hours and still didn't get it delivered. Such a shame. You guy's don't care about customer satisfaction at all,2020-09-25T16:58:04.000Z,en
1309503194842771456,48042108,"@PizzaHutME @pizzahutuae ordered pizza online from your UAE website money got deducted order showing pending, called contact center who had no idea what to do my money is stuck. No one from online team called back. No pizza today it seems.",2020-09-25T14:41:05.000Z,en
1310703034289315840,997408633028825088,@PizzaHutME your systems are faulty and now my money is gone and my order was cancelled as well!! GREAT CUSTOMER SERVICE GUYS!,2020-09-28T22:08:49.000Z,en
1310701523303792647,997408633028825088,"@PizzaHutME 1/3 You take my money, send me an order confirmation and then WITHOUT NOTIFYING me you cancel my order and then your ""CUSTOMER SERVICE MANAGER "" MAHMOUD tells me that PizzaHut has NOT received my money...",2020-09-28T22:02:49.000Z,en
1310645403675553794,11018442,"@khaled_saad1988 Due to your location, would you mind reaching out to our friends @PizzaHutME? Thanks for your understanding.",2020-09-28T18:19:49.000Z,en
1310520798428278785,4738053582,@abhishek111812 @pizzahut @PizzaHutIN @PizzaHutME @dominos Surely for the next time.,2020-09-28T10:04:41.000Z,en
1310519314538086400,4883309587,@LalitSh61942818 @pizzahut @PizzaHutIN @PizzaHutME You can take  from @dominos,2020-09-28T09:58:47.000Z,en
1310499343007268864,1445455448,RT @LalitSh61942818: I choose take away option from @pizzahut and when I reached at the outlet they denied to give the order as they were bโฆ,2020-09-28T08:39:25.000Z,en
1310499089772023809,4738053582,"I choose take away option from @pizzahut and when I reached at the outlet they denied to give the order as they were busy in doing their maintenance and asked me to take it from some other outlet. @pizzahut is this the behaviour you guys are know for. 

@PizzaHutIN @PizzaHutME",2020-09-28T08:38:25.000Z,en
1310478842461589504,1555297166,"@PizzaHutME it has been 3 days since I ordered pizza, Still waiting, 2020 truly disappointing https://t.co/lO4AKgyYCH",2020-09-28T07:17:58.000Z,en
1310265024766672897,211062051,@samchop123 @freedomdelivers I should have gone with cheap and cheerful @PizzaHutME,2020-09-27T17:08:20.000Z,en
1310179132311961601,3072229087,RT @ColdGold800: See more of Siemona at @PizzaHutME ! Check out their pics and bio page at  https://t.co/rZf3CgB4GO #gettymuseum #pizzahutโฆ,2020-09-27T11:27:01.000Z,en
1310130809446178816,3072229087,See more of Siemona at @PizzaHutME ! Check out their pics and bio page at  https://t.co/rZf3CgB4GO #gettymuseum #pizzahut #Pizza https://t.co/LTQtksbI47 https://t.co/5cloqUXBAG,2020-09-27T08:15:00.000Z,en
1309951502941933568,1179198252069068802,RT @tweed_sharon: The PizzaHut manager at the Machesney park Illinois location the state took away his teaching credentials so PizzaHut saiโฆ,2020-09-26T20:22:30.000Z,en
1309922131707334663,88913725,@pizzahutme @rhonnemangahas @mangahasmye26 ๐๐๐ ๐คค๐คค๐คค #Pizzahut #pizzalover #Birthdaymonth #birthdaycelebration #Dubai #mYDubai #UAE #Foodlover #foodstagram #instafood #Foodislife @ Mayfair Hotel Rigga https://t.co/gUFMNYcL5U,2020-09-26T18:25:48.000Z,en
1309859687626682368,1179198252069068802,"The PizzaHut manager at the Machesney park Illinois location the state took away his teaching credentials so PizzaHut said you can  make pizzas And be around employees and customers,that makes sense @PizzaHutCares @pizzahut @PizzaHutJm @pizzahutgib @pizzahutgijon @PizzaHutME https://t.co/Y8Mjak33ln",2020-09-26T14:17:40.000Z,en
1309537666430627840,1555297166,@PizzaHutME ordered pizza waited 3 hours and still didn't get it delivered. Such a shame. You guy's don't care about customer satisfaction at all,2020-09-25T16:58:04.000Z,en
1309503194842771456,48042108,"@PizzaHutME @pizzahutuae ordered pizza online from your UAE website money got deducted order showing pending, called contact center who had no idea what to do my money is stuck. No one from online team called back. No pizza today it seems.",2020-09-25T14:41:05.000Z,en
1308870090893463554,1204336306651836416,@ayiUmJo @Asko123_ @PizzaHutME ูุง ููุช ุดู ุทูุนุช ูู ุญุณุงุจ ูููู ููู ุงููููู,2020-09-23T20:45:21.000Z,ar
1308869976011558923,1264522477067218944,@JAWADQ901 @Asko123_ @PizzaHutME ุฌุงุจ ุงูุนูุฏ ๐น๐น๐น,2020-09-23T20:44:54.000Z,ar
1308869903982776326,1264522477067218944,@Asko123_ @JAWADQ901 @PizzaHutME ๐๐๐๐๐๐,2020-09-23T20:44:37.000Z,und
1308843488394596363,1204336306651836416,@Asko123_ @PizzaHutME ๐๐๐๐,2020-09-23T18:59:39.000Z,und
1308788096377540610,1204336306651836416,"@Asko123_ ุงูุฃุฎ ูุณุฆู ุนู ุงูุจูุชุฒุง ุงููู ุชุชูุทุท ุฌุจูุชูุง
ุฑุงูฺ ุจูุฒุง ..ูู ุฑูฺ ุจูุฒุง ..ุงููู ูู ุจูุฒุง ูุงุช ุงูู ุงูุฌุจู ูุงููุง ูุชูุบุท ุทูู ุงูุฌุณุฑ๐๐๐ุงูููู ุนุฑูุชูููุง ุงูู ูููุง ุฌุจู ูุงุฌุฏ ๐ 

ุงููุฏูู 
@PizzaHutME",2020-09-23T15:19:32.000Z,ar
